{
  "total": 73,
  "correctPredictions": 40,
  "incorrectPredictions": 33,
  "classes": [
    "blog",
    "bug",
    "business",
    "code",
    "content",
    "design",
    "doc",
    "eventOrganizing",
    "example",
    "financial",
    "fundingFinding",
    "ideas",
    "infra",
    "maintenance",
    "null",
    "platform",
    "plugin",
    "projectManagement",
    "question",
    "review",
    "security",
    "talk",
    "test",
    "tool",
    "translation",
    "tutorial",
    "userTesting",
    "video"
  ],
  "microAvg": {
    "accuracy": 0.547945205479452,
    "f1": 0.547945205479452,
    "fallOut": 0.0167427701674277,
    "missRate": 0.4520547945205479,
    "precision": 0.547945205479452,
    "prevalence": 0.03571428571428571,
    "recall": 0.547945205479452,
    "specificity": 0.9832572298325722
  },
  "macroAvg": {
    "accuracy": 0.967710371819961,
    "f1": null,
    "fallOut": 0.026175559852622227,
    "missRate": null,
    "precision": null,
    "prevalence": 0.03571428571428571,
    "recall": null,
    "specificity": 0.9738244401473778
  },
  "results": {
    "blog": {
      "total": 0,
      "samplePortion": 0,
      "tp": 0,
      "fp": 0,
      "fn": 0,
      "tn": 73,
      "accuracy": 1,
      "f1": null,
      "fallOut": 0,
      "missRate": null,
      "precision": null,
      "prevalence": 0,
      "recall": null,
      "specificity": 1,
      "confusionMatrix": [[0, 0], [0, 73]]
    },
    "bug": {
      "total": 3,
      "samplePortion": 0.0410958904109589,
      "tp": 2,
      "fp": 0,
      "fn": 1,
      "tn": 70,
      "accuracy": 0.9863013698630136,
      "f1": 0.8,
      "fallOut": 0,
      "missRate": 0.3333333333333333,
      "precision": 1,
      "prevalence": 0.0410958904109589,
      "recall": 0.6666666666666666,
      "specificity": 1,
      "confusionMatrix": [[2, 0], [1, 70]]
    },
    "business": {
      "total": 3,
      "samplePortion": 0.0410958904109589,
      "tp": 0,
      "fp": 0,
      "fn": 3,
      "tn": 70,
      "accuracy": 0.958904109589041,
      "f1": null,
      "fallOut": 0,
      "missRate": 1,
      "precision": null,
      "prevalence": 0.0410958904109589,
      "recall": 0,
      "specificity": 1,
      "confusionMatrix": [[0, 0], [3, 70]]
    },
    "code": {
      "total": 9,
      "samplePortion": 0.1232876712328767,
      "tp": 1,
      "fp": 0,
      "fn": 8,
      "tn": 64,
      "accuracy": 0.8904109589041096,
      "f1": 0.19999999999999998,
      "fallOut": 0,
      "missRate": 0.8888888888888888,
      "precision": 1,
      "prevalence": 0.1232876712328767,
      "recall": 0.1111111111111111,
      "specificity": 1,
      "confusionMatrix": [[1, 0], [8, 64]]
    },
    "content": {
      "total": 0,
      "samplePortion": 0,
      "tp": 0,
      "fp": 0,
      "fn": 0,
      "tn": 73,
      "accuracy": 1,
      "f1": null,
      "fallOut": 0,
      "missRate": null,
      "precision": null,
      "prevalence": 0,
      "recall": null,
      "specificity": 1,
      "confusionMatrix": [[0, 0], [0, 73]]
    },
    "design": {
      "total": 1,
      "samplePortion": 0.0136986301369863,
      "tp": 0,
      "fp": 0,
      "fn": 1,
      "tn": 72,
      "accuracy": 0.9863013698630136,
      "f1": null,
      "fallOut": 0,
      "missRate": 1,
      "precision": null,
      "prevalence": 0.0136986301369863,
      "recall": 0,
      "specificity": 1,
      "confusionMatrix": [[0, 0], [1, 72]]
    },
    "doc": {
      "total": 2,
      "samplePortion": 0.0273972602739726,
      "tp": 2,
      "fp": 0,
      "fn": 0,
      "tn": 71,
      "accuracy": 1,
      "f1": 1,
      "fallOut": 0,
      "missRate": 0,
      "precision": 1,
      "prevalence": 0.0273972602739726,
      "recall": 1,
      "specificity": 1,
      "confusionMatrix": [[2, 0], [0, 71]]
    },
    "eventOrganizing": {
      "total": 1,
      "samplePortion": 0.0136986301369863,
      "tp": 1,
      "fp": 0,
      "fn": 0,
      "tn": 72,
      "accuracy": 1,
      "f1": 1,
      "fallOut": 0,
      "missRate": 0,
      "precision": 1,
      "prevalence": 0.0136986301369863,
      "recall": 1,
      "specificity": 1,
      "confusionMatrix": [[1, 0], [0, 72]]
    },
    "example": {
      "total": 0,
      "samplePortion": 0,
      "tp": 0,
      "fp": 0,
      "fn": 0,
      "tn": 73,
      "accuracy": 1,
      "f1": null,
      "fallOut": 0,
      "missRate": null,
      "precision": null,
      "prevalence": 0,
      "recall": null,
      "specificity": 1,
      "confusionMatrix": [[0, 0], [0, 73]]
    },
    "financial": {
      "total": 0,
      "samplePortion": 0,
      "tp": 0,
      "fp": 0,
      "fn": 0,
      "tn": 73,
      "accuracy": 1,
      "f1": null,
      "fallOut": 0,
      "missRate": null,
      "precision": null,
      "prevalence": 0,
      "recall": null,
      "specificity": 1,
      "confusionMatrix": [[0, 0], [0, 73]]
    },
    "fundingFinding": {
      "total": 0,
      "samplePortion": 0,
      "tp": 0,
      "fp": 0,
      "fn": 0,
      "tn": 73,
      "accuracy": 1,
      "f1": null,
      "fallOut": 0,
      "missRate": null,
      "precision": null,
      "prevalence": 0,
      "recall": null,
      "specificity": 1,
      "confusionMatrix": [[0, 0], [0, 73]]
    },
    "ideas": {
      "total": 6,
      "samplePortion": 0.0821917808219178,
      "tp": 0,
      "fp": 0,
      "fn": 6,
      "tn": 67,
      "accuracy": 0.9178082191780822,
      "f1": null,
      "fallOut": 0,
      "missRate": 1,
      "precision": null,
      "prevalence": 0.0821917808219178,
      "recall": 0,
      "specificity": 1,
      "confusionMatrix": [[0, 0], [6, 67]]
    },
    "infra": {
      "total": 2,
      "samplePortion": 0.0273972602739726,
      "tp": 1,
      "fp": 0,
      "fn": 1,
      "tn": 71,
      "accuracy": 0.9863013698630136,
      "f1": 0.6666666666666666,
      "fallOut": 0,
      "missRate": 0.5,
      "precision": 1,
      "prevalence": 0.0273972602739726,
      "recall": 0.5,
      "specificity": 1,
      "confusionMatrix": [[1, 0], [1, 71]]
    },
    "maintenance": {
      "total": 3,
      "samplePortion": 0.0410958904109589,
      "tp": 0,
      "fp": 1,
      "fn": 3,
      "tn": 69,
      "accuracy": 0.9452054794520548,
      "f1": null,
      "fallOut": 0.014285714285714285,
      "missRate": 1,
      "precision": 0,
      "prevalence": 0.0410958904109589,
      "recall": 0,
      "specificity": 0.9857142857142858,
      "confusionMatrix": [[0, 1], [3, 69]]
    },
    "null": {
      "total": 29,
      "samplePortion": 0.3972602739726027,
      "tp": 29,
      "fp": 31,
      "fn": 0,
      "tn": 13,
      "accuracy": 0.5753424657534246,
      "f1": 0.6516853932584269,
      "fallOut": 0.7045454545454546,
      "missRate": 0,
      "precision": 0.48333333333333334,
      "prevalence": 0.3972602739726027,
      "recall": 1,
      "specificity": 0.29545454545454547,
      "confusionMatrix": [[29, 31], [0, 13]]
    },
    "platform": {
      "total": 5,
      "samplePortion": 0.0684931506849315,
      "tp": 2,
      "fp": 0,
      "fn": 3,
      "tn": 68,
      "accuracy": 0.958904109589041,
      "f1": 0.5714285714285715,
      "fallOut": 0,
      "missRate": 0.6,
      "precision": 1,
      "prevalence": 0.0684931506849315,
      "recall": 0.4,
      "specificity": 1,
      "confusionMatrix": [[2, 0], [3, 68]]
    },
    "plugin": {
      "total": 0,
      "samplePortion": 0,
      "tp": 0,
      "fp": 0,
      "fn": 0,
      "tn": 73,
      "accuracy": 1,
      "f1": null,
      "fallOut": 0,
      "missRate": null,
      "precision": null,
      "prevalence": 0,
      "recall": null,
      "specificity": 1,
      "confusionMatrix": [[0, 0], [0, 73]]
    },
    "projectManagement": {
      "total": 2,
      "samplePortion": 0.0273972602739726,
      "tp": 0,
      "fp": 0,
      "fn": 2,
      "tn": 71,
      "accuracy": 0.9726027397260274,
      "f1": null,
      "fallOut": 0,
      "missRate": 1,
      "precision": null,
      "prevalence": 0.0273972602739726,