{
  "total": 73,
  "correctPredictions": 39,
  "incorrectPredictions": 34,
  "classes": [
    "blog",
    "bug",
    "business",
    "code",
    "content",
    "design",
    "doc",
    "eventOrganizing",
    "example",
    "financial",
    "fundingFinding",
    "ideas",
    "infra",
    "maintenance",
    "null",
    "platform",
    "plugin",
    "projectManagement",
    "question",
    "review",
    "security",
    "talk",
    "test",
    "tool",
    "translation",
    "tutorial",
    "userTesting",
    "video"
  ],
  "microAvg": {
    "accuracy": 0.5342465753424658,
    "f1": 0.5342465753424658,
    "fallOut": 0.017250126839167934,
    "missRate": 0.4657534246575342,
    "precision": 0.5342465753424658,
    "prevalence": 0.03571428571428571,
    "recall": 0.5342465753424658,
    "specificity": 0.9827498731608321
  },
  "macroAvg": {
    "accuracy": 0.9667318982387477,
    "f1": null,
    "fallOut": 0.02727495107632094,
    "missRate": null,
    "precision": null,
    "prevalence": 0.03571428571428571,
    "recall": null,
    "specificity": 0.9727250489236791
  },
  "results": {
    "blog": {
      "total": 2,
      "samplePortion": 0.0273972602739726,
      "tp": 0,
      "fp": 0,
      "fn": 2,
      "tn": 71,
      "accuracy": 0.9726027397260274,
      "f1": null,
      "fallOut": 0,
      "missRate": 1,
      "precision": null,
      "prevalence": 0.0273972602739726,
      "recall": 0,
      "specificity": 1,
      "confusionMatrix": [[0, 0], [2, 71]]
    },
    "bug": {
      "total": 3,
      "samplePortion": 0.0410958904109589,
      "tp": 1,
      "fp": 0,
      "fn": 2,
      "tn": 70,
      "accuracy": 0.9726027397260274,
      "f1": 0.5,
      "fallOut": 0,
      "missRate": 0.6666666666666666,
      "precision": 1,
      "prevalence": 0.0410958904109589,
      "recall": 0.3333333333333333,
      "specificity": 1,
      "confusionMatrix": [[1, 0], [2, 70]]
    },
    "business": {
      "total": 1,
      "samplePortion": 0.0136986301369863,
      "tp": 0,
      "fp": 0,
      "fn": 1,
      "tn": 72,
      "accuracy": 0.9863013698630136,
      "f1": null,
      "fallOut": 0,
      "missRate": 1,
      "precision": null,
      "prevalence": 0.0136986301369863,
      "recall": 0,
      "specificity": 1,
      "confusionMatrix": [[0, 0], [1, 72]]
    },
    "code": {
      "total": 10,
      "samplePortion": 0.136986301369863,
      "tp": 0,
      "fp": 0,
      "fn": 10,
      "tn": 63,
      "accuracy": 0.863013698630137,
      "f1": null,
      "fallOut": 0,
      "missRate": 1,
      "precision": null,
      "prevalence": 0.136986301369863,
      "recall": 0,
      "specificity": 1,
      "confusionMatrix": [[0, 0], [10, 63]]
    },
    "content": {
      "total": 0,
      "samplePortion": 0,
      "tp": 0,
      "fp": 0,
      "fn": 0,
      "tn": 73,
      "accuracy": 1,
      "f1": null,
      "fallOut": 0,
      "missRate": null,
      "precision": null,
      "prevalence": 0,
      "recall": null,
      "specificity": 1,
      "confusionMatrix": [[0, 0], [0, 73]]
    },
    "design": {
      "total": 2,
      "samplePortion": 0.0273972602739726,
      "tp": 1,
      "fp": 0,
      "fn": 1,
      "tn": 71,
      "accuracy": 0.9863013698630136,
      "f1": 0.6666666666666666,
      "fallOut": 0,
      "missRate": 0.5,
      "precision": 1,
      "prevalence": 0.0273972602739726,
      "recall": 0.5,
      "specificity": 1,
      "confusionMatrix": [[1, 0], [1, 71]]
    },
    "doc": {
      "total": 5,
      "samplePortion": 0.0684931506849315,
      "tp": 3,
      "fp": 0,
      "fn": 2,
      "tn": 68,
      "accuracy": 0.9726027397260274,
      "f1": 0.7499999999999999,
      "fallOut": 0,
      "missRate": 0.4,
      "precision": 1,
      "prevalence": 0.0684931506849315,
      "recall": 0.6,
      "specificity": 1,
      "confusionMatrix": [[3, 0], [2, 68]]
    },
    "eventOrganizing": {
      "total": 0,
      "samplePortion": 0,
      "tp": 0,
      "fp": 0,
      "fn": 0,
      "tn": 73,
      "accuracy": 1,
      "f1": null,
      "fallOut": 0,
      "missRate": null,
      "precision": null,
      "prevalence": 0,
      "recall": null,
      "specificity": 1,
      "confusionMatrix": [[0, 0], [0, 73]]
    },
    "example": {
      "total": 0,
      "samplePortion": 0,
      "tp": 0,
      "fp": 0,
      "fn": 0,
      "tn": 73,
      "accuracy": 1,
      "f1": null,
      "fallOut": 0,
      "missRate": null,
      "precision": null,
      "prevalence": 0,
      "recall": null,
      "specificity": 1,
      "confusionMatrix": [[0, 0], [0, 73]]
    },
    "financial": {
      "total": 1,
      "samplePortion": 0.0136986301369863,
      "tp": 0,
      "fp": 0,
      "fn": 1,
      "tn": 72,
      "accuracy": 0.9863013698630136,
      "f1": null,
      "fallOut": 0,
      "missRate": 1,
      "precision": null,
      "prevalence": 0.0136986301369863,
      "recall": 0,
      "specificity": 1,
      "confusionMatrix": [[0, 0], [1, 72]]
    },
    "fundingFinding": {
      "total": 0,
      "samplePortion": 0,
      "tp": 0,
      "fp": 0,
      "fn": 0,
      "tn": 73,
      "accuracy": 1,
      "f1": null,
      "fallOut": 0,
      "missRate": null,
      "precision": null,
      "prevalence": 0,
      "recall": null,
      "specificity": 1,
      "confusionMatrix": [[0, 0], [0, 73]]
    },
    "ideas": {
      "total": 2,
      "samplePortion": 0.0273972602739726,
      "tp": 1,
      "fp": 0,
      "fn": 1,
      "tn": 71,
      "accuracy": 0.9863013698630136,
      "f1": 0.6666666666666666,
      "fallOut": 0,
      "missRate": 0.5,
      "precision": 1,
      "prevalence": 0.0273972602739726,
      "recall": 0.5,
      "specificity": 1,
      "confusionMatrix": [[1, 0], [1, 71]]
    },
    "infra": {
      "total": 0,
      "samplePortion": 0,
      "tp": 0,
      "fp": 0,
      "fn": 0,
      "tn": 73,
      "accuracy": 1,
      "f1": null,
      "fallOut": 0,
      "missRate": null,
      "precision": null,
      "prevalence": 0,
      "recall": null,
      "specificity": 1,
      "confusionMatrix": [[0, 0], [0, 73]]
    },
    "maintenance": {
      "total": 4,
      "samplePortion": 0.0547945205479452,
      "tp": 0,
      "fp": 0,
      "fn": 4,
      "tn": 69,
      "accuracy": 0.9452054794520548,
      "f1": null,
      "fallOut": 0,
      "missRate": 1,
      "precision": null,
      "prevalence": 0.0547945205479452,
      "recall": 0,
      "specificity": 1,
      "confusionMatrix": [[0, 0], [4, 69]]
    },
    "null": {
      "total": 29,
      "samplePortion": 0.3972602739726027,
      "tp": 28,
      "fp": 33,
      "fn": 1,
      "tn": 11,
      "accuracy": 0.5342465753424658,
      "f1": 0.6222222222222222,
      "fallOut": 0.75,
      "missRate": 0.034482758620689655,
      "precision": 0.45901639344262296,
      "prevalence": 0.3972602739726027,
      "recall": 0.9655172413793104,
      "specificity": 0.25,
      "confusionMatrix": [[28, 33], [1, 11]]
    },
    "platform": {
      "total": 6,
      "samplePortion": 0.0821917808219178,
      "tp": 4,
      "fp": 0,
      "fn": 2,
      "tn": 67,
      "accuracy": 0.9726027397260274,
      "f1": 0.8,
      "fallOut": 0,
      "missRate": 0.3333333333333333,
      "precision": 1,
      "prevalence": 0.0821917808219178,
      "recall": 0.6666666666666666,
      "specificity": 1,
      "confusionMatrix": [[4, 0], [2, 67]]
    },
    "plugin": {
      "total": 1,
      "samplePortion": 0.0136986301369863,
      "tp": 0,
      "fp": 0,
      "fn": 1,
      "tn": 72,
      "accuracy": 0.9863013698630136,
      "f1": null,
      "fallOut": 0,
      "missRate": 1,
      "precision": null,
      "prevalence": 0.0136986301369863,
      "recall": 0,
      "specificity": 1,
      "confusionMatrix": [[0, 0], [1, 72]]
    },
    "projectManagement": {
      "total": 3,
      "samplePortion": 0.0410958904109589,
      "tp": 0,
      "fp": 0,
      "fn": 3,
      "tn": 70,
      "accuracy": 0.958904109589041,
      "f1": null,
      "fallOut": 0,
      "missRate": 1,