{
  "total": 73,
  "correctPredictions": 48,
  "incorrectPredictions": 25,
  "classes": [
    "blog",
    "bug",
    "business",
    "code",
    "content",
    "design",
    "doc",
    "eventOrganizing",
    "example",
    "financial",
    "fundingFinding",
    "ideas",
    "infra",
    "maintenance",
    "null",
    "platform",
    "plugin",
    "projectManagement",
    "question",
    "review",
    "security",
    "talk",
    "test",
    "tool",
    "translation",
    "tutorial",
    "userTesting",
    "video"
  ],
  "microAvg": {
    "accuracy": 0.6575342465753424,
    "f1": 0.6575342465753424,
    "fallOut": 0.012683916793505834,
    "missRate": 0.3424657534246575,
    "precision": 0.6575342465753424,
    "prevalence": 0.03571428571428571,
    "recall": 0.6575342465753424,
    "specificity": 0.9873160832064941
  },
  "macroAvg": {
    "accuracy": 0.9755381604696675,
    "f1": null,
    "fallOut": 0.02102709810483348,
    "missRate": null,
    "precision": null,
    "prevalence": 0.035714285714285705,
    "recall": null,
    "specificity": 0.9789729018951665
  },
  "results": {
    "blog": {
      "total": 2,
      "samplePortion": 0.0273972602739726,
      "tp": 0,
      "fp": 0,
      "fn": 2,
      "tn": 71,
      "accuracy": 0.9726027397260274,
      "f1": null,
      "fallOut": 0,
      "missRate": 1,
      "precision": null,
      "prevalence": 0.0273972602739726,
      "recall": 0,
      "specificity": 1,
      "confusionMatrix": [[0, 0], [2, 71]]
    },
    "bug": {
      "total": 5,
      "samplePortion": 0.0684931506849315,
      "tp": 4,
      "fp": 0,
      "fn": 1,
      "tn": 68,
      "accuracy": 0.9863013698630136,
      "f1": 0.888888888888889,
      "fallOut": 0,
      "missRate": 0.2,
      "precision": 1,
      "prevalence": 0.0684931506849315,
      "recall": 0.8,
      "specificity": 1,
      "confusionMatrix": [[4, 0], [1, 68]]
    },
    "business": {
      "total": 0,
      "samplePortion": 0,
      "tp": 0,
      "fp": 0,
      "fn": 0,
      "tn": 73,
      "accuracy": 1,
      "f1": null,
      "fallOut": 0,
      "missRate": null,
      "precision": null,
      "prevalence": 0,
      "recall": null,
      "specificity": 1,
      "confusionMatrix": [[0, 0], [0, 73]]
    },
    "code": {
      "total": 8,
      "samplePortion": 0.1095890410958904,
      "tp": 1,
      "fp": 0,
      "fn": 7,
      "tn": 65,
      "accuracy": 0.9041095890410958,
      "f1": 0.2222222222222222,
      "fallOut": 0,
      "missRate": 0.875,
      "precision": 1,
      "prevalence": 0.1095890410958904,
      "recall": 0.125,
      "specificity": 1,
      "confusionMatrix": [[1, 0], [7, 65]]
    },
    "content": {
      "total": 0,
      "samplePortion": 0,
      "tp": 0,
      "fp": 0,
      "fn": 0,
      "tn": 73,
      "accuracy": 1,
      "f1": null,
      "fallOut": 0,
      "missRate": null,
      "precision": null,
      "prevalence": 0,
      "recall": null,
      "specificity": 1,
      "confusionMatrix": [[0, 0], [0, 73]]
    },
    "design": {
      "total": 1,
      "samplePortion": 0.0136986301369863,
      "tp": 1,
      "fp": 0,
      "fn": 0,
      "tn": 72,
      "accuracy": 1,
      "f1": 1,
      "fallOut": 0,
      "missRate": 0,
      "precision": 1,
      "prevalence": 0.0136986301369863,
      "recall": 1,
      "specificity": 1,
      "confusionMatrix": [[1, 0], [0, 72]]
    },
    "doc": {
      "total": 3,
      "samplePortion": 0.0410958904109589,
      "tp": 3,
      "fp": 0,
      "fn": 0,
      "tn": 70,
      "accuracy": 1,
      "f1": 1,
      "fallOut": 0,
      "missRate": 0,
      "precision": 1,
      "prevalence": 0.0410958904109589,
      "recall": 1,
      "specificity": 1,
      "confusionMatrix": [[3, 0], [0, 70]]
    },
    "eventOrganizing": {
      "total": 0,
      "samplePortion": 0,
      "tp": 0,
      "fp": 0,
      "fn": 0,
      "tn": 73,
      "accuracy": 1,
      "f1": null,
      "fallOut": 0,
      "missRate": null,
      "precision": null,
      "prevalence": 0,
      "recall": null,
      "specificity": 1,
      "confusionMatrix": [[0, 0], [0, 73]]
    },
    "example": {
      "total": 0,
      "samplePortion": 0,
      "tp": 0,
      "fp": 0,
      "fn": 0,
      "tn": 73,
      "accuracy": 1,
      "f1": null,
      "fallOut": 0,
      "missRate": null,
      "precision": null,
      "prevalence": 0,
      "recall": null,
      "specificity": 1,
      "confusionMatrix": [[0, 0], [0, 73]]
    },
    "financial": {
      "total": 1,
      "samplePortion": 0.0136986301369863,
      "tp": 0,
      "fp": 0,
      "fn": 1,
      "tn": 72,
      "accuracy": 0.9863013698630136,
      "f1": null,
      "fallOut": 0,
      "missRate": 1,
      "precision": null,
      "prevalence": 0.0136986301369863,
      "recall": 0,
      "specificity": 1,
      "confusionMatrix": [[0, 0], [1, 72]]
    },
    "fundingFinding": {
      "total": 0,
      "samplePortion": 0,
      "tp": 0,
      "fp": 0,
      "fn": 0,
      "tn": 73,
      "accuracy": 1,
      "f1": null,
      "fallOut": 0,
      "missRate": null,
      "precision": null,
      "prevalence": 0,
      "recall": null,
      "specificity": 1,
      "confusionMatrix": [[0, 0], [0, 73]]
    },
    "ideas": {
      "total": 0,
      "samplePortion": 0,
      "tp": 0,
      "fp": 1,
      "fn": 0,
      "tn": 72,
      "accuracy": 0.9863013698630136,
      "f1": null,
      "fallOut": 0.0136986301369863,
      "missRate": null,
      "precision": 0,
      "prevalence": 0,
      "recall": null,
      "specificity": 0.9863013698630136,
      "confusionMatrix": [[0, 1], [0, 72]]
    },
    "infra": {
      "total": 1,
      "samplePortion": 0.0136986301369863,
      "tp": 0,
      "fp": 0,
      "fn": 1,
      "tn": 72,
      "accuracy": 0.9863013698630136,
      "f1": null,
      "fallOut": 0,
      "missRate": 1,
      "precision": null,
      "prevalence": 0.0136986301369863,
      "recall": 0,
      "specificity": 1,
      "confusionMatrix": [[0, 0], [1, 72]]
    },
    "maintenance": {
      "total": 2,
      "samplePortion": 0.0273972602739726,
      "tp": 1,
      "fp": 0,
      "fn": 1,
      "tn": 71,
      "accuracy": 0.9863013698630136,
      "f1": 0.6666666666666666,
      "fallOut": 0,
      "missRate": 0.5,
      "precision": 1,
      "prevalence": 0.0273972602739726,
      "recall": 0.5,
      "specificity": 1,
      "confusionMatrix": [[1, 0], [1, 71]]
    },
    "null": {
      "total": 32,
      "samplePortion": 0.4383561643835616,
      "tp": 31,
      "fp": 23,
      "fn": 1,
      "tn": 18,
      "accuracy": 0.6712328767123288,
      "f1": 0.7209302325581396,
      "fallOut": 0.5609756097560976,
      "missRate": 0.03125,
      "precision": 0.5740740740740741,
      "prevalence": 0.4383561643835616,
      "recall": 0.96875,
      "specificity": 0.43902439024390244,
      "confusionMatrix": [[31, 23], [1, 18]]
    },
    "platform": {
      "total": 7,
      "samplePortion": 0.0958904109589041,
      "tp": 3,
      "fp": 0,
      "fn": 4,
      "tn": 66,
      "accuracy": 0.9452054794520548,
      "f1": 0.6,
      "fallOut": 0,
      "missRate": 0.5714285714285714,
      "precision": 1,
      "prevalence": 0.0958904109589041,
      "recall": 0.42857142857142855,
      "specificity": 1,
      "confusionMatrix": [[3, 0], [4, 66]]
    },
    "plugin": {
      "total": 0,
      "samplePortion": 0,
      "tp": 0,
      "fp": 0,
      "fn": 0,
      "tn": 73,
      "accuracy": 1,
      "f1": null,
      "fallOut": 0,
      "missRate": null,
      "precision": null,
      "prevalence": 0,
      "recall": null,
      "specificity": 1,
      "confusionMatrix": [[0, 0], [0, 73]]
    },
    "projectManagement": {
      "total": 0,
      "samplePortion": 0,
      "tp": 0,
      "fp": 0,
      "fn": 0,
      "tn": 73,
      "accuracy": 1,
      "f1": null,
      "fallOut": 0,
      "missRate": null,
      "precision": null,
      "prevalence": 0,
      "recall": null,
      "specificity": 1,
      "confusionMatrix": [[0, 0], [0, 73]]
    },