{
  "total": 73,
  "correctPredictions": 42,
  "incorrectPredictions": 31,
  "classes": [
    "blog",
    "bug",
    "business",
    "code",
    "content",
    "design",
    "doc",
    "eventOrganizing",
    "example",
    "financial",
    "fundingFinding",
    "ideas",
    "infra",
    "maintenance",
    "null",
    "platform",
    "plugin",
    "projectManagement",
    "question",
    "review",
    "security",
    "talk",
    "test",
    "tool",
    "translation",
    "tutorial",
    "userTesting",
    "video"
  ],
  "microAvg": {
    "accuracy": 0.5753424657534246,
    "f1": 0.5753424657534246,
    "fallOut": 0.015728056823947234,
    "missRate": 0.4246575342465753,
    "precision": 0.5753424657534246,
    "prevalence": 0.03571428571428571,
    "recall": 0.5753424657534246,
    "specificity": 0.9842719431760527
  },
  "macroAvg": {
    "accuracy": 0.9696673189823876,
    "f1": null,
    "fallOut": 0.026308596546704217,
    "missRate": null,
    "precision": null,
    "prevalence": 0.03571428571428572,
    "recall": null,
    "specificity": 0.9736914034532959
  },
  "results": {
    "blog": {
      "total": 1,
      "samplePortion": 0.0136986301369863,
      "tp": 0,
      "fp": 0,
      "fn": 1,
      "tn": 72,
      "accuracy": 0.9863013698630136,
      "f1": null,
      "fallOut": 0,
      "missRate": 1,
      "precision": null,
      "prevalence": 0.0136986301369863,
      "recall": 0,
      "specificity": 1,
      "confusionMatrix": [[0, 0], [1, 72]]
    },
    "bug": {
      "total": 2,
      "samplePortion": 0.0273972602739726,
      "tp": 2,
      "fp": 0,
      "fn": 0,
      "tn": 71,
      "accuracy": 1,
      "f1": 1,
      "fallOut": 0,
      "missRate": 0,
      "precision": 1,
      "prevalence": 0.0273972602739726,
      "recall": 1,
      "specificity": 1,
      "confusionMatrix": [[2, 0], [0, 71]]
    },
    "business": {
      "total": 0,
      "samplePortion": 0,
      "tp": 0,
      "fp": 0,
      "fn": 0,
      "tn": 73,
      "accuracy": 1,
      "f1": null,
      "fallOut": 0,
      "missRate": null,
      "precision": null,
      "prevalence": 0,
      "recall": null,
      "specificity": 1,
      "confusionMatrix": [[0, 0], [0, 73]]
    },
    "code": {
      "total": 9,
      "samplePortion": 0.1232876712328767,
      "tp": 2,
      "fp": 1,
      "fn": 7,
      "tn": 63,
      "accuracy": 0.8904109589041096,
      "f1": 0.3333333333333333,
      "fallOut": 0.015625,
      "missRate": 0.7777777777777778,
      "precision": 0.6666666666666666,
      "prevalence": 0.1232876712328767,
      "recall": 0.2222222222222222,
      "specificity": 0.984375,
      "confusionMatrix": [[2, 1], [7, 63]]
    },
    "content": {
      "total": 1,
      "samplePortion": 0.0136986301369863,
      "tp": 0,
      "fp": 0,
      "fn": 1,
      "tn": 72,
      "accuracy": 0.9863013698630136,
      "f1": null,
      "fallOut": 0,
      "missRate": 1,
      "precision": null,
      "prevalence": 0.0136986301369863,
      "recall": 0,
      "specificity": 1,
      "confusionMatrix": [[0, 0], [1, 72]]
    },
    "design": {
      "total": 3,
      "samplePortion": 0.0410958904109589,
      "tp": 0,
      "fp": 0,
      "fn": 3,
      "tn": 70,
      "accuracy": 0.958904109589041,
      "f1": null,
      "fallOut": 0,
      "missRate": 1,
      "precision": null,
      "prevalence": 0.0410958904109589,
      "recall": 0,
      "specificity": 1,
      "confusionMatrix": [[0, 0], [3, 70]]
    },
    "doc": {
      "total": 3,
      "samplePortion": 0.0410958904109589,
      "tp": 2,
      "fp": 0,
      "fn": 1,
      "tn": 70,
      "accuracy": 0.9863013698630136,
      "f1": 0.8,
      "fallOut": 0,
      "missRate": 0.3333333333333333,
      "precision": 1,
      "prevalence": 0.0410958904109589,
      "recall": 0.6666666666666666,
      "specificity": 1,
      "confusionMatrix": [[2, 0], [1, 70]]
    },
    "eventOrganizing": {
      "total": 0,
      "samplePortion": 0,
      "tp": 0,
      "fp": 0,
      "fn": 0,
      "tn": 73,
      "accuracy": 1,
      "f1": null,
      "fallOut": 0,
      "missRate": null,
      "precision": null,
      "prevalence": 0,
      "recall": null,
      "specificity": 1,
      "confusionMatrix": [[0, 0], [0, 73]]
    },
    "example": {
      "total": 0,
      "samplePortion": 0,
      "tp": 0,
      "fp": 1,
      "fn": 0,
      "tn": 72,
      "accuracy": 0.9863013698630136,
      "f1": null,
      "fallOut": 0.0136986301369863,
      "missRate": null,
      "precision": 0,
      "prevalence": 0,
      "recall": null,
      "specificity": 0.9863013698630136,
      "confusionMatrix": [[0, 1], [0, 72]]
    },
    "financial": {
      "total": 0,
      "samplePortion": 0,
      "tp": 0,
      "fp": 0,
      "fn": 0,
      "tn": 73,
      "accuracy": 1,
      "f1": null,
      "fallOut": 0,
      "missRate": null,
      "precision": null,
      "prevalence": 0,
      "recall": null,
      "specificity": 1,
      "confusionMatrix": [[0, 0], [0, 73]]
    },
    "fundingFinding": {
      "total": 0,
      "samplePortion": 0,
      "tp": 0,
      "fp": 0,
      "fn": 0,
      "tn": 73,
      "accuracy": 1,
      "f1": null,
      "fallOut": 0,
      "missRate": null,
      "precision": null,
      "prevalence": 0,
      "recall": null,
      "specificity": 1,
      "confusionMatrix": [[0, 0], [0, 73]]
    },
    "ideas": {
      "total": 3,
      "samplePortion": 0.0410958904109589,
      "tp": 1,
      "fp": 0,
      "fn": 2,
      "tn": 70,
      "accuracy": 0.9726027397260274,
      "f1": 0.5,
      "fallOut": 0,
      "missRate": 0.6666666666666666,
      "precision": 1,
      "prevalence": 0.0410958904109589,
      "recall": 0.3333333333333333,
      "specificity": 1,
      "confusionMatrix": [[1, 0], [2, 70]]
    },
    "infra": {
      "total": 4,
      "samplePortion": 0.0547945205479452,
      "tp": 1,
      "fp": 0,
      "fn": 3,
      "tn": 69,
      "accuracy": 0.958904109589041,
      "f1": 0.4,
      "fallOut": 0,
      "missRate": 0.75,
      "precision": 1,
      "prevalence": 0.0547945205479452,
      "recall": 0.25,
      "specificity": 1,
      "confusionMatrix": [[1, 0], [3, 69]]
    },
    "maintenance": {
      "total": 3,
      "samplePortion": 0.0410958904109589,
      "tp": 0,
      "fp": 0,
      "fn": 3,
      "tn": 70,
      "accuracy": 0.958904109589041,
      "f1": null,
      "fallOut": 0,
      "missRate": 1,
      "precision": null,
      "prevalence": 0.0410958904109589,
      "recall": 0,
      "specificity": 1,
      "confusionMatrix": [[0, 0], [3, 70]]
    },
    "null": {
      "total": 32,
      "samplePortion": 0.4383561643835616,
      "tp": 31,
      "fp": 29,
      "fn": 1,
      "tn": 12,
      "accuracy": 0.589041095890411,
      "f1": 0.673913043478261,
      "fallOut": 0.7073170731707317,
      "missRate": 0.03125,
      "precision": 0.5166666666666667,
      "prevalence": 0.4383561643835616,
      "recall": 0.96875,
      "specificity": 0.2926829268292683,
      "confusionMatrix": [[31, 29], [1, 12]]
    },
    "platform": {
      "total": 3,
      "samplePortion": 0.0410958904109589,
      "tp": 2,
      "fp": 0,
      "fn": 1,
      "tn": 70,
      "accuracy": 0.9863013698630136,
      "f1": 0.8,
      "fallOut": 0,
      "missRate": 0.3333333333333333,
      "precision": 1,
      "prevalence": 0.0410958904109589,
      "recall": 0.6666666666666666,
      "specificity": 1,
      "confusionMatrix": [[2, 0], [1, 70]]
    },
    "plugin": {
      "total": 1,
      "samplePortion": 0.0136986301369863,
      "tp": 0,
      "fp": 0,
      "fn": 1,
      "tn": 72,
      "accuracy": 0.9863013698630136,
      "f1": null,
      "fallOut": 0,
      "missRate": 1,
      "precision": null,
      "prevalence": 0.0136986301369863,
      "recall": 0,
      "specificity": 1,
      "confusionMatrix": [[0, 0], [1, 72]]
    },
    "projectManagement": {
      "total": 1,
      "samplePortion": 0.0136986301369863,
      "tp": 0,
      "fp": 0,
      "fn": 1,
      "tn": 72,