{"total":73,"correctPredictions":49,"incorrectPredictions":24,"classes":["blog","bug","business","code","content","design","doc","eventOrganizing","example","financial","fundingFinding","ideas","infra","maintenance","null","platform","plugin","projectManagement","question","review","security","talk","test","tool","translation","tutorial","userTesting","video"],"microAvg":{"accuracy":0.6712328767123288,"f1":0.6712328767123288,"fallOut":0.0121765601217656,"missRate":0.3287671232876712,"precision":0.6712328767123288,"prevalence":0.03571428571428571,"recall":0.6712328767123288,"specificity":0.9878234398782344},"macroAvg":{"accuracy":0.9765166340508807,"f1":null,"fallOut":0.020207906715979544,"missRate":null,"precision":null,"prevalence":0.03571428571428571,"recall":null,"specificity":0.9797920932840204},"results":{"blog":{"total":0,"samplePortion":0,"tp":0,"fp":0,"fn":0,"tn":73,"accuracy":1,"f1":null,"fallOut":0,"missRate":null,"precision":null,"prevalence":0,"recall":null,"specificity":1,"confusionMatrix":[[0,0],[0,73]]},"bug":{"total":4,"samplePortion":0.0547945205479452,"tp":4,"fp":0,"fn":0,"tn":69,"accuracy":1,"f1":1,"fallOut":0,"missRate":0,"precision":1,"prevalence":0.0547945205479452,"recall":1,"specificity":1,"confusionMatrix":[[4,0],[0,69]]},"business":{"total":0,"samplePortion":0,"tp":0,"fp":0,"fn":0,"tn":73,"accuracy":1,"f1":null,"fallOut":0,"missRate":null,"precision":null,"prevalence":0,"recall":null,"specificity":1,"confusionMatrix":[[0,0],[0,73]]},"code":{"total":7,"samplePortion":0.0958904109589041,"tp":4,"fp":1,"fn":3,"tn":65,"accuracy":0.9452054794520548,"f1":0.6666666666666666,"fallOut":0.015151515151515152,"missRate":0.42857142857142855,"precision":0.8,"prevalence":0.0958904109589041,"recall":0.5714285714285714,"specificity":0.9848484848484849,"confusionMatrix":[[4,1],[3,65]]},"content":{"total":0,"samplePortion":0,"tp":0,"fp":0,"fn":0,"tn":73,"accuracy":1,"f1":null,"fallOut":0,"missRate":null,"precision":null,"prevalence":0,"recall":null,"specificity":1,"confusionMatrix":[[0,0],[0,73]]},"design":{"total":3,"samplePortion":0.0410958904109589,"tp":2,"fp":0,"fn":1,"tn":70,"accuracy":0.9863013698630136,"f1":0.8,"fallOut":0,"missRate":0.3333333333333333,"precision":1,"prevalence":0.0410958904109589,"recall":0.6666666666666666,"specificity":1,"confusionMatrix":[[2,0],[1,70]]},"doc":{"total":5,"samplePortion":0.0684931506849315,"tp":3,"fp":0,"fn":2,"tn":68,"accuracy":0.9726027397260274,"f1":0.7499999999999999,"fallOut":0,"missRate":0.4,"precision":1,"prevalence":0.0684931506849315,"recall":0.6,"specificity":1,"confusionMatrix":[[3,0],[2,68]]},"eventOrganizing":{"total":0,"samplePortion":0,"tp":0,"fp":0,"fn":0,"tn":73,"accuracy":1,"f1":null,"fallOut":0,"missRate":null,"precision":null,"prevalence":0,"recall":null,"specificity":1,"confusionMatrix":[[0,0],[0,73]]},"example":{"total":0,"samplePortion":0,"tp":0,"fp":0,"fn":0,"tn":73,"accuracy":1,"f1":null,"fallOut":0,"missRate":null,"precision":null,"prevalence":0,"recall":null,"specificity":1,"confusionMatrix":[[0,0],[0,73]]},"financial":{"total":0,"samplePortion":0,"tp":0,"fp":0,"fn":0,"tn":73,"accuracy":1,"f1":null,"fallOut":0,"missRate":null,"precision":null,"prevalence":0,"recall":null,"specificity":1,"confusionMatrix":[[0,0],[0,73]]},"fundingFinding":{"total":0,"samplePortion":0,"tp":0,"fp":0,"fn":0,"tn":73,"accuracy":1,"f1":null,"fallOut":0,"missRate":null,"precision":null,"prevalence":0,"recall":null,"specificity":1,"confusionMatrix":[[0,0],[0,73]]},"ideas":{"total":2,"samplePortion":0.0273972602739726,"tp":2,"fp":1,"fn":0,"tn":70,"accuracy":0.9863013698630136,"f1":0.8,"fallOut":0.014084507042253521,"missRate":0,"precision":0.6666666666666666,"prevalence":0.0273972602739726,"recall":1,"specificity":0.9859154929577465,"confusionMatrix":[[2,1],[0,70]]},"infra":{"total":2,"samplePortion":0.0273972602739726,"tp":2,"fp":0,"fn":0,"tn":71,"accuracy":1,"f1":1,"fallOut":0,"missRate":0,"precision":1,"prevalence":0.0273972602739726,"recall":1,"specificity":1,"confusionMatrix":[[2,0],[0,71]]},"maintenance":{"total":2,"samplePortion":0.0273972602739726,"tp":0,"fp":0,"fn":2,"tn":71,"accuracy":0.9726027397260274,"f1":null,"fallOut":0,"missRate":1,"precision":null,"prevalence":0.0273972602739726,"recall":0,"specificity":1,"confusionMatrix":[[0,0],[2,71]]},"null":{"total":32,"samplePortion":0.4383561643835616,"tp":30,"fp":22,"fn":2,"tn":19,"accuracy":0.6712328767123288,"f1":0.7142857142857143,"fallOut":0.5365853658536586,"missRate":0.0625,"precision":0.5769230769230769,"prevalence":0.4383561643835616,"recall":0.9375,"specificity":0.4634146341463415,"confusionMatrix":[[30,22],[2,19]]},"platform":{"total":5,"samplePortion":0.0684931506849315,"tp":2,"fp":0,"fn":3,"tn":68,"accuracy":0.958904109589041,"f1":0.5714285714285715,"fallOut":0,"missRate":0.6,"precision":1,"prevalence":0.0684931506849315,"recall":0.4,"specificity":1,"confusionMatrix":[[2,0],[3,68]]},"plugin":{"total":0,"samplePortion":0,"tp":0,"fp":0,"fn":0,"tn":73,"accuracy":1,"f1":null,"fallOut":0,"missRate":null,"precision":null,"prevalence":0,"recall":null,"specificity":1,"confusionMatrix":[[0,0],[0,73]]},"projectManagement":{"total":1,"samplePortion":0.0136986301369863,"tp":0,"fp":0,"fn":1,"tn":72,"accuracy":0.9863013698630136,"f1":null,"fallOut":0,"missRate":1,"precision":null,"prevalence":0.0136986301369863,"recall":0,"specificity":1,"confusionMatrix":[[0,0],[1,72]]},"question":{"total":0,"samplePortion":0,"tp":0,"fp":0,"fn":0,"tn":73,"accuracy":1,"f1":null,"fallOut":0,"missRate":null,"precision":null,"prevalence":0,"recall":null,"specificity":1,"confusionMatrix":[[0,0],[0,73]]},"review":{"total":0,"samplePortion":0,"tp":0,"fp":0,"fn":0,"tn":73,"accuracy":1,"f1":null,"fallOut":0,"missRate":null,"precision":null,"prevalence":0,"recall":null,"specificity":1,"confusionMatrix":[[0,0],[0,73]]},"security":{"total":3,"samplePortion":0.0410958904109589,"tp":0,"fp":0,"fn":3,"tn":70,"accuracy":0.958904109589041,"f1":null,"fallOut":0,"missRate":1,"precision":null,"prevalence":0.0410958904109589,"recall":0,"specificity":1,"confusionMatrix":[[0,0],[3,70]]},"talk":{"total":1,"samplePortion":0.0136986301369863,"tp":0,"fp":0,"fn":1,"tn":72,"accuracy":0.9863013698630136,"f1":null,"fallOut":0,"missRate":1,"precision":null,"prevalence":0.0136986301369863,"recall":0,"specificity":1,"confusionMatrix":[[0,0],[1,72]]},"test":{"total":2,"samplePortion":0.0273972602739726,"tp":0,"fp":0,"fn":2,"tn":71,"accuracy":0.9726027397260274,"f1":null,"fallOut":0,"missRate":1,"precision":null,"prevalence":0.0273972602739726,"recall":0,"specificity":1,"confusionMatrix":[[0,0],[2,71]]},"tool":{"total":2,"samplePortion":0.0273972602739726,"tp":0,"fp":0,"fn":2,"tn":71,"accuracy":0.9726027397260274,"f1":null,"fallOut":0,"missRate":1,"precision":null,"prevalence":0.0273972602739726,"recall":0,"specificity":1,"confusionMatrix":[[0,0],[2,71]]},"translation":{"total":0,"samplePortion":0,"tp":0,"fp":0,"fn":0,"tn":73,"accuracy":1,"f1":null,"fallOut":0,"missRate":null,"precision":null,"prevalence":0,"recall":null,"specificity":1,"confusionMatrix":[[0,0],[0,73]]},"tutorial":{"total":2,"samplePortion":0.0273972602739726,"tp":0,"fp":0,"fn":2,"tn":71,"accuracy":0.9726027397260274,"f1":null,"fallOut":0,"missRate":1,"precision":null,"prevalence":0.0273972602739726,"recall":0,"specificity":1,"confusionMatrix":[[0,0],[2,71]]},"userTesting":{"total":0,"samplePortion":0,"tp":0,"fp":0,"fn":0,"tn":73,"accuracy":1,"f1":null,"fallOut":0,"missRate":null,"precision":null,"prevalence":0,"recall":null,"specificity":1,"confusionMatrix":[[0,0],[0,73]]},"video":{"total":0,"samplePortion":0,"tp":0,"fp":0,"fn":0,"tn":73,"accuracy":1,"f1":null,"fallOut":0,"missRate":null,"precision":null,"prevalence":0,"recall":null,"specificity":1,"confusionMatrix":[[0,0],[0,73]]}}}