{
  "total": 73,
  "correctPredictions": 47,
  "incorrectPredictions": 26,
  "classes": [
    "blog",
    "bug",
    "business",
    "code",
    "content",
    "design",
    "doc",
    "eventOrganizing",
    "example",
    "financial",
    "fundingFinding",
    "ideas",
    "infra",
    "maintenance",
    "null",
    "platform",
    "plugin",
    "projectManagement",
    "question",
    "review",
    "security",
    "talk",
    "test",
    "tool",
    "translation",
    "tutorial",
    "userTesting",
    "video"
  ],
  "microAvg": {
    "accuracy": 0.6438356164383562,
    "f1": 0.6438356164383562,
    "fallOut": 0.013191273465246067,
    "missRate": 0.3561643835616438,
    "precision": 0.6438356164383562,
    "prevalence": 0.03571428571428571,
    "recall": 0.6438356164383562,
    "specificity": 0.9868087265347539
  },
  "macroAvg": {
    "accuracy": 0.9745596868884541,
    "f1": null,
    "fallOut": 0.023761623666601877,
    "missRate": null,
    "precision": null,
    "prevalence": 0.03571428571428571,
    "recall": null,
    "specificity": 0.976238376333398
  },
  "results": {
    "blog": {
      "total": 0,
      "samplePortion": 0,
      "tp": 0,
      "fp": 0,
      "fn": 0,
      "tn": 73,
      "accuracy": 1,
      "f1": null,
      "fallOut": 0,
      "missRate": null,
      "precision": null,
      "prevalence": 0,
      "recall": null,
      "specificity": 1,
      "confusionMatrix": [[0, 0], [0, 73]]
    },
    "bug": {
      "total": 3,
      "samplePortion": 0.0410958904109589,
      "tp": 2,
      "fp": 1,
      "fn": 1,
      "tn": 69,
      "accuracy": 0.9726027397260274,
      "f1": 0.6666666666666666,
      "fallOut": 0.014285714285714285,
      "missRate": 0.3333333333333333,
      "precision": 0.6666666666666666,
      "prevalence": 0.0410958904109589,
      "recall": 0.6666666666666666,
      "specificity": 0.9857142857142858,
      "confusionMatrix": [[2, 1], [1, 69]]
    },
    "business": {
      "total": 0,
      "samplePortion": 0,
      "tp": 0,
      "fp": 0,
      "fn": 0,
      "tn": 73,
      "accuracy": 1,
      "f1": null,
      "fallOut": 0,
      "missRate": null,
      "precision": null,
      "prevalence": 0,
      "recall": null,
      "specificity": 1,
      "confusionMatrix": [[0, 0], [0, 73]]
    },
    "code": {
      "total": 6,
      "samplePortion": 0.0821917808219178,
      "tp": 1,
      "fp": 1,
      "fn": 5,
      "tn": 66,
      "accuracy": 0.9178082191780822,
      "f1": 0.25,
      "fallOut": 0.014925373134328358,
      "missRate": 0.8333333333333334,
      "precision": 0.5,
      "prevalence": 0.0821917808219178,
      "recall": 0.16666666666666666,
      "specificity": 0.9850746268656716,
      "confusionMatrix": [[1, 1], [5, 66]]
    },
    "content": {
      "total": 0,
      "samplePortion": 0,
      "tp": 0,
      "fp": 0,
      "fn": 0,
      "tn": 73,
      "accuracy": 1,
      "f1": null,
      "fallOut": 0,
      "missRate": null,
      "precision": null,
      "prevalence": 0,
      "recall": null,
      "specificity": 1,
      "confusionMatrix": [[0, 0], [0, 73]]
    },
    "design": {
      "total": 3,
      "samplePortion": 0.0410958904109589,
      "tp": 1,
      "fp": 0,
      "fn": 2,
      "tn": 70,
      "accuracy": 0.9726027397260274,
      "f1": 0.5,
      "fallOut": 0,
      "missRate": 0.6666666666666666,
      "precision": 1,
      "prevalence": 0.0410958904109589,
      "recall": 0.3333333333333333,
      "specificity": 1,
      "confusionMatrix": [[1, 0], [2, 70]]
    },
    "doc": {
      "total": 1,
      "samplePortion": 0.0136986301369863,
      "tp": 1,
      "fp": 0,
      "fn": 0,
      "tn": 72,
      "accuracy": 1,
      "f1": 1,
      "fallOut": 0,
      "missRate": 0,
      "precision": 1,
      "prevalence": 0.0136986301369863,
      "recall": 1,
      "specificity": 1,
      "confusionMatrix": [[1, 0], [0, 72]]
    },
    "eventOrganizing": {
      "total": 1,
      "samplePortion": 0.0136986301369863,
      "tp": 0,
      "fp": 0,
      "fn": 1,
      "tn": 72,
      "accuracy": 0.9863013698630136,
      "f1": null,
      "fallOut": 0,
      "missRate": 1,
      "precision": null,
      "prevalence": 0.0136986301369863,
      "recall": 0,
      "specificity": 1,
      "confusionMatrix": [[0, 0], [1, 72]]
    },
    "example": {
      "total": 0,
      "samplePortion": 0,
      "tp": 0,
      "fp": 0,
      "fn": 0,
      "tn": 73,
      "accuracy": 1,
      "f1": null,
      "fallOut": 0,
      "missRate": null,
      "precision": null,
      "prevalence": 0,
      "recall": null,
      "specificity": 1,
      "confusionMatrix": [[0, 0], [0, 73]]
    },
    "financial": {
      "total": 0,
      "samplePortion": 0,
      "tp": 0,
      "fp": 0,
      "fn": 0,
      "tn": 73,
      "accuracy": 1,
      "f1": null,
      "fallOut": 0,
      "missRate": null,
      "precision": null,
      "prevalence": 0,
      "recall": null,
      "specificity": 1,
      "confusionMatrix": [[0, 0], [0, 73]]
    },
    "fundingFinding": {
      "total": 0,
      "samplePortion": 0,
      "tp": 0,
      "fp": 0,
      "fn": 0,
      "tn": 73,
      "accuracy": 1,
      "f1": null,
      "fallOut": 0,
      "missRate": null,
      "precision": null,
      "prevalence": 0,
      "recall": null,
      "specificity": 1,
      "confusionMatrix": [[0, 0], [0, 73]]
    },
    "ideas": {
      "total": 6,
      "samplePortion": 0.0821917808219178,
      "tp": 3,
      "fp": 0,
      "fn": 3,
      "tn": 67,
      "accuracy": 0.958904109589041,
      "f1": 0.6666666666666666,
      "fallOut": 0,
      "missRate": 0.5,
      "precision": 1,
      "prevalence": 0.0821917808219178,
      "recall": 0.5,
      "specificity": 1,
      "confusionMatrix": [[3, 0], [3, 67]]
    },
    "infra": {
      "total": 2,
      "samplePortion": 0.0273972602739726,
      "tp": 1,
      "fp": 0,
      "fn": 1,
      "tn": 71,
      "accuracy": 0.9863013698630136,
      "f1": 0.6666666666666666,
      "fallOut": 0,
      "missRate": 0.5,
      "precision": 1,
      "prevalence": 0.0273972602739726,
      "recall": 0.5,
      "specificity": 1,
      "confusionMatrix": [[1, 0], [1, 71]]
    },
    "maintenance": {
      "total": 4,
      "samplePortion": 0.0547945205479452,
      "tp": 1,
      "fp": 1,
      "fn": 3,
      "tn": 68,
      "accuracy": 0.9452054794520548,
      "f1": 0.3333333333333333,
      "fallOut": 0.014492753623188406,
      "missRate": 0.75,
      "precision": 0.5,
      "prevalence": 0.0547945205479452,
      "recall": 0.25,
      "specificity": 0.9855072463768116,
      "confusionMatrix": [[1, 1], [3, 68]]
    },
    "null": {
      "total": 36,
      "samplePortion": 0.4931506849315068,
      "tp": 35,
      "fp": 23,
      "fn": 1,
      "tn": 14,
      "accuracy": 0.6712328767123288,
      "f1": 0.7446808510638298,
      "fallOut": 0.6216216216216216,
      "missRate": 0.027777777777777776,
      "precision": 0.603448275862069,
      "prevalence": 0.4931506849315068,
      "recall": 0.9722222222222222,
      "specificity": 0.3783783783783784,
      "confusionMatrix": [[35, 23], [1, 14]]
    },
    "platform": {
      "total": 2,
      "samplePortion": 0.0273972602739726,
      "tp": 1,
      "fp": 0,
      "fn": 1,
      "tn": 71,
      "accuracy": 0.9863013698630136,
      "f1": 0.6666666666666666,
      "fallOut": 0,
      "missRate": 0.5,
      "precision": 1,
      "prevalence": 0.0273972602739726,
      "recall": 0.5,
      "specificity": 1,
      "confusionMatrix": [[1, 0], [1, 71]]
    },
    "plugin": {
      "total": 0,
      "samplePortion": 0,
      "tp": 0,
      "fp": 0,
      "fn": 0,
      "tn": 73,
      "accuracy": 1,
      "f1": null,
      "fallOut": 0,
      "missRate": null,
      "precision": null,
      "prevalence": 0,
      "recall": null,
      "specificity": 1,
      "confusionMatrix": [[0, 0], [0, 73]]
    },
    "projectManagement": {
      "total": 3,
      "samplePortion": 0.0410958904109589,
      "tp": 0,
      "fp": 0,
      "fn": 3,