{"total":73,"correctPredictions":43,"incorrectPredictions":30,"classes":["blog","bug","business","code","content","design","doc","eventOrganizing","example","financial","fundingFinding","ideas","infra","maintenance","null","platform","plugin","projectManagement","question","review","security","talk","test","tool","translation","tutorial","userTesting","video"],"microAvg":{"accuracy":0.589041095890411,"f1":0.589041095890411,"fallOut":0.015220700152207,"missRate":0.410958904109589,"precision":0.589041095890411,"prevalence":0.03571428571428571,"recall":0.589041095890411,"specificity":0.984779299847793},"macroAvg":{"accuracy":0.9706457925636008,"f1":null,"fallOut":0.023720437097488715,"missRate":null,"precision":null,"prevalence":0.03571428571428571,"recall":null,"specificity":0.9762795629025113},"results":{"blog":{"total":0,"samplePortion":0,"tp":0,"fp":0,"fn":0,"tn":73,"accuracy":1,"f1":null,"fallOut":0,"missRate":null,"precision":null,"prevalence":0,"recall":null,"specificity":1,"confusionMatrix":[[0,0],[0,73]]},"bug":{"total":3,"samplePortion":0.0410958904109589,"tp":3,"fp":1,"fn":0,"tn":69,"accuracy":0.9863013698630136,"f1":0.8571428571428571,"fallOut":0.014285714285714285,"missRate":0,"precision":0.75,"prevalence":0.0410958904109589,"recall":1,"specificity":0.9857142857142858,"confusionMatrix":[[3,1],[0,69]]},"business":{"total":0,"samplePortion":0,"tp":0,"fp":0,"fn":0,"tn":73,"accuracy":1,"f1":null,"fallOut":0,"missRate":null,"precision":null,"prevalence":0,"recall":null,"specificity":1,"confusionMatrix":[[0,0],[0,73]]},"code":{"total":8,"samplePortion":0.1095890410958904,"tp":1,"fp":1,"fn":7,"tn":64,"accuracy":0.8904109589041096,"f1":0.2,"fallOut":0.015384615384615385,"missRate":0.875,"precision":0.5,"prevalence":0.1095890410958904,"recall":0.125,"specificity":0.9846153846153847,"confusionMatrix":[[1,1],[7,64]]},"content":{"total":1,"samplePortion":0.0136986301369863,"tp":0,"fp":0,"fn":1,"tn":72,"accuracy":0.9863013698630136,"f1":null,"fallOut":0,"missRate":1,"precision":null,"prevalence":0.0136986301369863,"recall":0,"specificity":1,"confusionMatrix":[[0,0],[1,72]]},"design":{"total":1,"samplePortion":0.0136986301369863,"tp":0,"fp":0,"fn":1,"tn":72,"accuracy":0.9863013698630136,"f1":null,"fallOut":0,"missRate":1,"precision":null,"prevalence":0.0136986301369863,"recall":0,"specificity":1,"confusionMatrix":[[0,0],[1,72]]},"doc":{"total":5,"samplePortion":0.0684931506849315,"tp":1,"fp":0,"fn":4,"tn":68,"accuracy":0.9452054794520548,"f1":0.33333333333333337,"fallOut":0,"missRate":0.8,"precision":1,"prevalence":0.0684931506849315,"recall":0.2,"specificity":1,"confusionMatrix":[[1,0],[4,68]]},"eventOrganizing":{"total":0,"samplePortion":0,"tp":0,"fp":0,"fn":0,"tn":73,"accuracy":1,"f1":null,"fallOut":0,"missRate":null,"precision":null,"prevalence":0,"recall":null,"specificity":1,"confusionMatrix":[[0,0],[0,73]]},"example":{"total":0,"samplePortion":0,"tp":0,"fp":0,"fn":0,"tn":73,"accuracy":1,"f1":null,"fallOut":0,"missRate":null,"precision":null,"prevalence":0,"recall":null,"specificity":1,"confusionMatrix":[[0,0],[0,73]]},"financial":{"total":0,"samplePortion":0,"tp":0,"fp":0,"fn":0,"tn":73,"accuracy":1,"f1":null,"fallOut":0,"missRate":null,"precision":null,"prevalence":0,"recall":null,"specificity":1,"confusionMatrix":[[0,0],[0,73]]},"fundingFinding":{"total":1,"samplePortion":0.0136986301369863,"tp":1,"fp":0,"fn":0,"tn":72,"accuracy":1,"f1":1,"fallOut":0,"missRate":0,"precision":1,"prevalence":0.0136986301369863,"recall":1,"specificity":1,"confusionMatrix":[[1,0],[0,72]]},"ideas":{"total":5,"samplePortion":0.0684931506849315,"tp":3,"fp":0,"fn":2,"tn":68,"accuracy":0.9726027397260274,"f1":0.7499999999999999,"fallOut":0,"missRate":0.4,"precision":1,"prevalence":0.0684931506849315,"recall":0.6,"specificity":1,"confusionMatrix":[[3,0],[2,68]]},"infra":{"total":1,"samplePortion":0.0136986301369863,"tp":0,"fp":0,"fn":1,"tn":72,"accuracy":0.9863013698630136,"f1":null,"fallOut":0,"missRate":1,"precision":null,"prevalence":0.0136986301369863,"recall":0,"specificity":1,"confusionMatrix":[[0,0],[1,72]]},"maintenance":{"total":6,"samplePortion":0.0821917808219178,"tp":1,"fp":2,"fn":5,"tn":65,"accuracy":0.9041095890410958,"f1":0.2222222222222222,"fallOut":0.029850746268656716,"missRate":0.8333333333333334,"precision":0.3333333333333333,"prevalence":0.0821917808219178,"recall":0.16666666666666666,"specificity":0.9701492537313433,"confusionMatrix":[[1,2],[5,65]]},"null":{"total":30,"samplePortion":0.410958904109589,"tp":29,"fp":26,"fn":1,"tn":17,"accuracy":0.6301369863013698,"f1":0.6823529411764705,"fallOut":0.6046511627906976,"missRate":0.03333333333333333,"precision":0.5272727272727272,"prevalence":0.410958904109589,"recall":0.9666666666666667,"specificity":0.3953488372093023,"confusionMatrix":[[29,26],[1,17]]},"platform":{"total":2,"samplePortion":0.0273972602739726,"tp":1,"fp":0,"fn":1,"tn":71,"accuracy":0.9863013698630136,"f1":0.6666666666666666,"fallOut":0,"missRate":0.5,"precision":1,"prevalence":0.0273972602739726,"recall":0.5,"specificity":1,"confusionMatrix":[[1,0],[1,71]]},"plugin":{"total":0,"samplePortion":0,"tp":0,"fp":0,"fn":0,"tn":73,"accuracy":1,"f1":null,"fallOut":0,"missRate":null,"precision":null,"prevalence":0,"recall":null,"specificity":1,"confusionMatrix":[[0,0],[0,73]]},"projectManagement":{"total":0,"samplePortion":0,"tp":0,"fp":0,"fn":0,"tn":73,"accuracy":1,"f1":null,"fallOut":0,"missRate":null,"precision":null,"prevalence":0,"recall":null,"specificity":1,"confusionMatrix":[[0,0],[0,73]]},"question":{"total":1,"samplePortion":0.0136986301369863,"tp":1,"fp":0,"fn":0,"tn":72,"accuracy":1,"f1":1,"fallOut":0,"missRate":0,"precision":1,"prevalence":0.0136986301369863,"recall":1,"specificity":1,"confusionMatrix":[[1,0],[0,72]]},"review":{"total":2,"samplePortion":0.0273972602739726,"tp":0,"fp":0,"fn":2,"tn":71,"accuracy":0.9726027397260274,"f1":null,"fallOut":0,"missRate":1,"precision":null,"prevalence":0.0273972602739726,"recall":0,"specificity":1,"confusionMatrix":[[0,0],[2,71]]},"security":{"total":0,"samplePortion":0,"tp":0,"fp":0,"fn":0,"tn":73,"accuracy":1,"f1":null,"fallOut":0,"missRate":null,"precision":null,"prevalence":0,"recall":null,"specificity":1,"confusionMatrix":[[0,0],[0,73]]},"talk":{"total":0,"samplePortion":0,"tp":0,"fp":0,"fn":0,"tn":73,"accuracy":1,"f1":null,"fallOut":0,"missRate":null,"precision":null,"prevalence":0,"recall":null,"specificity":1,"confusionMatrix":[[0,0],[0,73]]},"test":{"total":4,"samplePortion":0.0547945205479452,"tp":2,"fp":0,"fn":2,"tn":69,"accuracy":0.9726027397260274,"f1":0.6666666666666666,"fallOut":0,"missRate":0.5,"precision":1,"prevalence":0.0547945205479452,"recall":0.5,"specificity":1,"confusionMatrix":[[2,0],[2,69]]},"tool":{"total":1,"samplePortion":0.0136986301369863,"tp":0,"fp":0,"fn":1,"tn":72,"accuracy":0.9863013698630136,"f1":null,"fallOut":0,"missRate":1,"precision":null,"prevalence":0.0136986301369863,"recall":0,"specificity":1,"confusionMatrix":[[0,0],[1,72]]},"translation":{"total":0,"samplePortion":0,"tp":0,"fp":0,"fn":0,"tn":73,"accuracy":1,"f1":null,"fallOut":0,"missRate":null,"precision":null,"prevalence":0,"recall":null,"specificity":1,"confusionMatrix":[[0,0],[0,73]]},"tutorial":{"total":0,"samplePortion":0,"tp":0,"fp":0,"fn":0,"tn":73,"accuracy":1,"f1":null,"fallOut":0,"missRate":null,"precision":null,"prevalence":0,"recall":null,"specificity":1,"confusionMatrix":[[0,0],[0,73]]},"userTesting":{"total":1,"samplePortion":0.0136986301369863,"tp":0,"fp":0,"fn":1,"tn":72,"accuracy":0.9863013698630136,"f1":null,"fallOut":0,"missRate":1,"precision":null,"prevalence":0.0136986301369863,"recall":0,"specificity":1,"confusionMatrix":[[0,0],[1,72]]},"video":{"total":1,"samplePortion":0.0136986301369863,"tp":0,"fp":0,"fn":1,"tn":72,"accuracy":0.9863013698630136,"f1":null,"fallOut":0,"missRate":1,"precision":null,"prevalence":0.0136986301369863,"recall":0,"specificity":1,"confusionMatrix":[[0,0],[1,72]]}}}