{
  "total": 105,
  "correctPredictions": 38,
  "incorrectPredictions": 67,
  "classes": [
    "a11y",
    "audio",
    "blog",
    "bug",
    "business",
    "code",
    "content",
    "data",
    "design",
    "doc",
    "eventOrganizing",
    "example",
    "financial",
    "fundingFinding",
    "ideas",
    "infra",
    "maintenance",
    "mentoring",
    "null",
    "platform",
    "plugin",
    "projectManagement",
    "question",
    "review",
    "security",
    "talk",
    "test",
    "tool",
    "translation",
    "tutorial",
    "userTesting",
    "video"
  ],
  "microAvg": {
    "accuracy": 0.3619047619047619,
    "f1": 0.3619047619047619,
    "fallOut": 0.020583717357910907,
    "missRate": 0.638095238095238,
    "precision": 0.3619047619047619,
    "prevalence": 0.03125,
    "recall": 0.3619047619047619,
    "specificity": 0.9794162826420891
  },
  "macroAvg": {
    "accuracy": 0.9601190476190476,
    "f1": null,
    "fallOut": 0.022802172251929407,
    "missRate": null,
    "precision": null,
    "prevalence": 0.03125,
    "recall": null,
    "specificity": 0.9771978277480706
  },
  "weightedAvg": {
    "accuracy": 0.8806349206349205,
    "f1": null,
    "fallOut": 0.09157427396650308,
    "missRate": null,
    "precision": null,
    "prevalence": 0.06684807256235828,
    "recall": null,
    "specificity": 0.9084257260334969
  },
  "results": {
    "a11y": {
      "total": 1,
      "samplePortion": 0.009523809523809525,
      "tp": 0,
      "fp": 0,
      "fn": 1,
      "tn": 104,
      "accuracy": 0.9904761904761905,
      "f1": null,
      "fallOut": 0,
      "missRate": 1,
      "precision": null,
      "prevalence": 0.009523809523809525,
      "recall": 0,
      "specificity": 1,
      "confusionMatrix": [
        [0, 0],
        [1, 104]
      ]
    },
    "audio": {
      "total": 1,
      "samplePortion": 0.009523809523809525,
      "tp": 0,
      "fp": 0,
      "fn": 1,
      "tn": 104,
      "accuracy": 0.9904761904761905,
      "f1": null,
      "fallOut": 0,
      "missRate": 1,
      "precision": null,
      "prevalence": 0.009523809523809525,
      "recall": 0,
      "specificity": 1,
      "confusionMatrix": [
        [0, 0],
        [1, 104]
      ]
    },
    "blog": {
      "total": 1,
      "samplePortion": 0.009523809523809525,
      "tp": 0,
      "fp": 0,
      "fn": 1,
      "tn": 104,
      "accuracy": 0.9904761904761905,
      "f1": null,
      "fallOut": 0,
      "missRate": 1,
      "precision": null,
      "prevalence": 0.009523809523809525,
      "recall": 0,
      "specificity": 1,
      "confusionMatrix": [
        [0, 0],
        [1, 104]
      ]
    },
    "bug": {
      "total": 6,
      "samplePortion": 0.05714285714285714,
      "tp": 2,
      "fp": 1,
      "fn": 4,
      "tn": 98,
      "accuracy": 0.9523809523809523,
      "f1": 0.4444444444444444,
      "fallOut": 0.010101010101010102,
      "missRate": 0.6666666666666666,
      "precision": 0.6666666666666666,
      "prevalence": 0.05714285714285714,
      "recall": 0.3333333333333333,
      "specificity": 0.98989898989899,
      "confusionMatrix": [
        [2, 1],
        [4, 98]
      ]
    },
    "business": {
      "total": 1,
      "samplePortion": 0.009523809523809525,
      "tp": 1,
      "fp": 0,
      "fn": 0,
      "tn": 104,
      "accuracy": 1,
      "f1": 1,
      "fallOut": 0,
      "missRate": 0,
      "precision": 1,
      "prevalence": 0.009523809523809525,
      "recall": 1,
      "specificity": 1,
      "confusionMatrix": [
        [1, 0],
        [0, 104]
      ]
    },
    "code": {
      "total": 13,
      "samplePortion": 0.12380952380952381,
      "tp": 3,
      "fp": 2,
      "fn": 10,
      "tn": 90,
      "accuracy": 0.8857142857142857,
      "f1": 0.33333333333333337,
      "fallOut": 0.021739130434782608,
      "missRate": 0.7692307692307693,
      "precision": 0.6,
      "prevalence": 0.12380952380952381,
      "recall": 0.23076923076923078,
      "specificity": 0.9782608695652174,
      "confusionMatrix": [
        [3, 2],
        [10, 90]
      ]
    },
    "content": {
      "total": 3,
      "samplePortion": 0.02857142857142857,
      "tp": 0,
      "fp": 0,
      "fn": 3,
      "tn": 102,
      "accuracy": 0.9714285714285714,
      "f1": null,
      "fallOut": 0,
      "missRate": 1,
      "precision": null,
      "prevalence": 0.02857142857142857,
      "recall": 0,
      "specificity": 1,
      "confusionMatrix": [
        [0, 0],
        [3, 102]
      ]
    },
    "data": {
      "total": 1,
      "samplePortion": 0.009523809523809525,
      "tp": 1,
      "fp": 0,
      "fn": 0,
      "tn": 104,
      "accuracy": 1,
      "f1": 1,
      "fallOut": 0,
      "missRate": 0,
      "precision": 1,
      "prevalence": 0.009523809523809525,
      "recall": 1,
      "specificity": 1,
      "confusionMatrix": [
        [1, 0],
        [0, 104]
      ]
    },
    "design": {
      "total": 3,
      "samplePortion": 0.02857142857142857,
      "tp": 2,
      "fp": 0,
      "fn": 1,
      "tn": 102,
      "accuracy": 0.9904761904761905,
      "f1": 0.8,
      "fallOut": 0,
      "missRate": 0.3333333333333333,
      "precision": 1,
      "prevalence": 0.02857142857142857,
      "recall": 0.6666666666666666,
      "specificity": 1,
      "confusionMatrix": [
        [2, 0],
        [1, 102]
      ]
    },
    "doc": {
      "total": 3,
      "samplePortion": 0.02857142857142857,
      "tp": 1,
      "fp": 0,
      "fn": 2,
      "tn": 102,
      "accuracy": 0.9809523809523809,
      "f1": 0.5,
      "fallOut": 0,
      "missRate": 0.6666666666666666,
      "precision": 1,
      "prevalence": 0.02857142857142857,
      "recall": 0.3333333333333333,
      "specificity": 1,
      "confusionMatrix": [
        [1, 0],
        [2, 102]
      ]
    },
    "eventOrganizing": {
      "total": 2,
      "samplePortion": 0.01904761904761905,
      "tp": 1,
      "fp": 0,
      "fn": 1,
      "tn": 103,
      "accuracy": 0.9904761904761905,
      "f1": 0.6666666666666666,
      "fallOut": 0,
      "missRate": 0.5,
      "precision": 1,
      "prevalence": 0.01904761904761905,
      "recall": 0.5,
      "specificity": 1,
      "confusionMatrix": [
        [1, 0],
        [1, 103]
      ]
    },
    "example": {
      "total": 0,
      "samplePortion": 0,
      "tp": 0,
      "fp": 0,
      "fn": 0,
      "tn": 105,
      "accuracy": 1,
      "f1": null,
      "fallOut": 0,
      "missRate": null,
      "precision": null,
      "prevalence": 0,
      "recall": null,
      "specificity": 1,
      "confusionMatrix": [
        [0, 0],
        [0, 105]
      ]
    },
    "financial": {
      "total": 2,
      "samplePortion": 0.01904761904761905,
      "tp": 0,
      "fp": 0,
      "fn": 2,
      "tn": 103,
      "accuracy": 0.9809523809523809,
      "f1": null,
      "fallOut": 0,
      "missRate": 1,
      "precision": null,
      "prevalence": 0.01904761904761905,
      "recall": 0,
      "specificity": 1,
      "confusionMatrix": [
        [0, 0],
        [2, 103]
      ]
    },
    "fundingFinding": {
      "total": 2,
      "samplePortion": 0.01904761904761905,
      "tp": 1,
      "fp": 0,
      "fn": 1,
      "tn": 103,
      "accuracy": 0.9904761904761905,
      "f1": 0.6666666666666666,
      "fallOut": 0,
      "missRate": 0.5,
      "precision": 1,
      "prevalence": 0.01904761904761905,
      "recall": 0.5,
      "specificity": 1,
      "confusionMatrix": [
        [1, 0],
        [1, 103]
      ]
    },
    "ideas": {
      "total": 5,
      "samplePortion": 0.047619047619047616,
      "tp": 3,
      "fp": 1,
      "fn": 2,
      "tn": 99,
      "accuracy": 0.9714285714285714,
      "f1": 0.6666666666666665,
      "fallOut": 0.01,
      "missRate": 0.4,
      "precision": 0.75,
      "prevalence": 0.047619047619047616,
      "recall": 0.6,
      "specificity": 0.99,
      "confusionMatrix": [
        [3, 1],
        [2, 99]
      ]
    },
    "infra": {
      "total": 5,
      "samplePortion": 0.047619047619047616,