{
  "total": 73,
  "correctPredictions": 38,
  "incorrectPredictions": 35,
  "classes": [
    "blog",
    "bug",
    "business",
    "code",
    "content",
    "design",
    "doc",
    "eventOrganizing",
    "example",
    "financial",
    "fundingFinding",
    "ideas",
    "infra",
    "maintenance",
    "null",
    "platform",
    "plugin",
    "projectManagement",
    "question",
    "review",
    "security",
    "talk",
    "test",
    "tool",
    "translation",
    "tutorial",
    "userTesting",
    "video"
  ],
  "microAvg": {
    "accuracy": 0.5205479452054794,
    "f1": 0.5205479452054794,
    "fallOut": 0.017757483510908167,
    "missRate": 0.4794520547945205,
    "precision": 0.5205479452054794,
    "prevalence": 0.03571428571428571,
    "recall": 0.5205479452054794,
    "specificity": 0.9822425164890918
  },
  "macroAvg": {
    "accuracy": 0.9657534246575343,
    "f1": null,
    "fallOut": 0.025875062762786567,
    "missRate": null,
    "precision": null,
    "prevalence": 0.03571428571428571,
    "recall": null,
    "specificity": 0.9741249372372136
  },
  "results": {
    "blog": {
      "total": 1,
      "samplePortion": 0.0136986301369863,
      "tp": 0,
      "fp": 0,
      "fn": 1,
      "tn": 72,
      "accuracy": 0.9863013698630136,
      "f1": null,
      "fallOut": 0,
      "missRate": 1,
      "precision": null,
      "prevalence": 0.0136986301369863,
      "recall": 0,
      "specificity": 1,
      "confusionMatrix": [[0, 0], [1, 72]]
    },
    "bug": {
      "total": 3,
      "samplePortion": 0.0410958904109589,
      "tp": 1,
      "fp": 0,
      "fn": 2,
      "tn": 70,
      "accuracy": 0.9726027397260274,
      "f1": 0.5,
      "fallOut": 0,
      "missRate": 0.6666666666666666,
      "precision": 1,
      "prevalence": 0.0410958904109589,
      "recall": 0.3333333333333333,
      "specificity": 1,
      "confusionMatrix": [[1, 0], [2, 70]]
    },
    "business": {
      "total": 1,
      "samplePortion": 0.0136986301369863,
      "tp": 0,
      "fp": 0,
      "fn": 1,
      "tn": 72,
      "accuracy": 0.9863013698630136,
      "f1": null,
      "fallOut": 0,
      "missRate": 1,
      "precision": null,
      "prevalence": 0.0136986301369863,
      "recall": 0,
      "specificity": 1,
      "confusionMatrix": [[0, 0], [1, 72]]
    },
    "code": {
      "total": 6,
      "samplePortion": 0.0821917808219178,
      "tp": 2,
      "fp": 2,
      "fn": 4,
      "tn": 65,
      "accuracy": 0.9178082191780822,
      "f1": 0.4,
      "fallOut": 0.029850746268656716,
      "missRate": 0.6666666666666666,
      "precision": 0.5,
      "prevalence": 0.0821917808219178,
      "recall": 0.3333333333333333,
      "specificity": 0.9701492537313433,
      "confusionMatrix": [[2, 2], [4, 65]]
    },
    "content": {
      "total": 1,
      "samplePortion": 0.0136986301369863,
      "tp": 0,
      "fp": 0,
      "fn": 1,
      "tn": 72,
      "accuracy": 0.9863013698630136,
      "f1": null,
      "fallOut": 0,
      "missRate": 1,
      "precision": null,
      "prevalence": 0.0136986301369863,
      "recall": 0,
      "specificity": 1,
      "confusionMatrix": [[0, 0], [1, 72]]
    },
    "design": {
      "total": 0,
      "samplePortion": 0,
      "tp": 0,
      "fp": 0,
      "fn": 0,
      "tn": 73,
      "accuracy": 1,
      "f1": null,
      "fallOut": 0,
      "missRate": null,
      "precision": null,
      "prevalence": 0,
      "recall": null,
      "specificity": 1,
      "confusionMatrix": [[0, 0], [0, 73]]
    },
    "doc": {
      "total": 4,
      "samplePortion": 0.0547945205479452,
      "tp": 3,
      "fp": 0,
      "fn": 1,
      "tn": 69,
      "accuracy": 0.9863013698630136,
      "f1": 0.8571428571428571,
      "fallOut": 0,
      "missRate": 0.25,
      "precision": 1,
      "prevalence": 0.0547945205479452,
      "recall": 0.75,
      "specificity": 1,
      "confusionMatrix": [[3, 0], [1, 69]]
    },
    "eventOrganizing": {
      "total": 0,
      "samplePortion": 0,
      "tp": 0,
      "fp": 0,
      "fn": 0,
      "tn": 73,
      "accuracy": 1,
      "f1": null,
      "fallOut": 0,
      "missRate": null,
      "precision": null,
      "prevalence": 0,
      "recall": null,
      "specificity": 1,
      "confusionMatrix": [[0, 0], [0, 73]]
    },
    "example": {
      "total": 1,
      "samplePortion": 0.0136986301369863,
      "tp": 0,
      "fp": 0,
      "fn": 1,
      "tn": 72,
      "accuracy": 0.9863013698630136,
      "f1": null,
      "fallOut": 0,
      "missRate": 1,
      "precision": null,
      "prevalence": 0.0136986301369863,
      "recall": 0,
      "specificity": 1,
      "confusionMatrix": [[0, 0], [1, 72]]
    },
    "financial": {
      "total": 1,
      "samplePortion": 0.0136986301369863,
      "tp": 0,
      "fp": 0,
      "fn": 1,
      "tn": 72,
      "accuracy": 0.9863013698630136,
      "f1": null,
      "fallOut": 0,
      "missRate": 1,
      "precision": null,
      "prevalence": 0.0136986301369863,
      "recall": 0,
      "specificity": 1,
      "confusionMatrix": [[0, 0], [1, 72]]
    },
    "fundingFinding": {
      "total": 0,
      "samplePortion": 0,
      "tp": 0,
      "fp": 0,
      "fn": 0,
      "tn": 73,
      "accuracy": 1,
      "f1": null,
      "fallOut": 0,
      "missRate": null,
      "precision": null,
      "prevalence": 0,
      "recall": null,
      "specificity": 1,
      "confusionMatrix": [[0, 0], [0, 73]]
    },
    "ideas": {
      "total": 1,
      "samplePortion": 0.0136986301369863,
      "tp": 0,
      "fp": 0,
      "fn": 1,
      "tn": 72,
      "accuracy": 0.9863013698630136,
      "f1": null,
      "fallOut": 0,
      "missRate": 1,
      "precision": null,
      "prevalence": 0.0136986301369863,
      "recall": 0,
      "specificity": 1,
      "confusionMatrix": [[0, 0], [1, 72]]
    },
    "infra": {
      "total": 6,
      "samplePortion": 0.0821917808219178,
      "tp": 3,
      "fp": 0,
      "fn": 3,
      "tn": 67,
      "accuracy": 0.958904109589041,
      "f1": 0.6666666666666666,
      "fallOut": 0,
      "missRate": 0.5,
      "precision": 1,
      "prevalence": 0.0821917808219178,
      "recall": 0.5,
      "specificity": 1,
      "confusionMatrix": [[3, 0], [3, 67]]
    },
    "maintenance": {
      "total": 4,
      "samplePortion": 0.0547945205479452,
      "tp": 1,
      "fp": 1,
      "fn": 3,
      "tn": 68,
      "accuracy": 0.9452054794520548,
      "f1": 0.3333333333333333,
      "fallOut": 0.014492753623188406,
      "missRate": 0.75,
      "precision": 0.5,
      "prevalence": 0.0547945205479452,
      "recall": 0.25,
      "specificity": 0.9855072463768116,
      "confusionMatrix": [[1, 1], [3, 68]]
    },
    "null": {
      "total": 27,
      "samplePortion": 0.3698630136986301,
      "tp": 25,
      "fp": 30,
      "fn": 2,
      "tn": 16,
      "accuracy": 0.5616438356164384,
      "f1": 0.6097560975609756,
      "fallOut": 0.6521739130434783,
      "missRate": 0.07407407407407407,
      "precision": 0.45454545454545453,
      "prevalence": 0.3698630136986301,
      "recall": 0.9259259259259259,
      "specificity": 0.34782608695652173,
      "confusionMatrix": [[25, 30], [2, 16]]
    },
    "platform": {
      "total": 7,
      "samplePortion": 0.0958904109589041,
      "tp": 1,
      "fp": 0,
      "fn": 6,
      "tn": 66,
      "accuracy": 0.9178082191780822,
      "f1": 0.25,
      "fallOut": 0,
      "missRate": 0.8571428571428571,
      "precision": 1,
      "prevalence": 0.0958904109589041,
      "recall": 0.14285714285714285,
      "specificity": 1,
      "confusionMatrix": [[1, 0], [6, 66]]
    },
    "plugin": {
      "total": 1,
      "samplePortion": 0.0136986301369863,
      "tp": 0,
      "fp": 0,
      "fn": 1,
      "tn": 72,
      "accuracy": 0.9863013698630136,
      "f1": null,
      "fallOut": 0,
      "missRate": 1,
      "precision": null,
      "prevalence": 0.0136986301369863,
      "recall": 0,
      "specificity": 1,
      "confusionMatrix": [[0, 0], [1, 72]]
    },