{
  "total": 107,
  "correctPredictions": 36,
  "incorrectPredictions": 71,
  "classes": [
    "a11y",
    "audio",
    "blog",
    "bug",
    "business",
    "code",
    "content",
    "data",
    "design",
    "doc",
    "eventOrganizing",
    "example",
    "financial",
    "fundingFinding",
    "ideas",
    "infra",
    "maintenance",
    "mentoring",
    "null",
    "platform",
    "plugin",
    "projectManagement",
    "promotion",
    "question",
    "research",
    "review",
    "security",
    "talk",
    "test",
    "tool",
    "translation",
    "tutorial",
    "userTesting",
    "video"
  ],
  "microAvg": {
    "accuracy": 0.3364485981308411,
    "f1": 0.3364485981308411,
    "fallOut": 0.02010761823845936,
    "missRate": 0.6635514018691588,
    "precision": 0.3364485981308411,
    "prevalence": 0.029411764705882353,
    "recall": 0.3364485981308411,
    "specificity": 0.9798923817615406
  },
  "macroAvg": {
    "accuracy": 0.9609675645959321,
    "f1": null,
    "fallOut": 0.02166179370327539,
    "missRate": null,
    "precision": null,
    "prevalence": 0.029411764705882353,
    "recall": null,
    "specificity": 0.9783382062967246
  },
  "weightedAvg": {
    "accuracy": 0.8988557952659618,
    "f1": null,
    "fallOut": 0.07294958404220439,
    "missRate": null,
    "precision": null,
    "prevalence": 0.06280024456284387,
    "recall": null,
    "specificity": 0.9270504159577957
  },
  "results": {
    "a11y": {
      "total": 0,
      "samplePortion": 0,
      "tp": 0,
      "fp": 0,
      "fn": 0,
      "tn": 107,
      "accuracy": 1,
      "f1": null,
      "fallOut": 0,
      "missRate": null,
      "precision": null,
      "prevalence": 0,
      "recall": null,
      "specificity": 1,
      "confusionMatrix": [
        [
          0,
          0
        ],
        [
          0,
          107
        ]
      ]
    },
    "audio": {
      "total": 3,
      "samplePortion": 0.028037383177570093,
      "tp": 0,
      "fp": 0,
      "fn": 3,
      "tn": 104,
      "accuracy": 0.9719626168224299,
      "f1": null,
      "fallOut": 0,
      "missRate": 1,
      "precision": null,
      "prevalence": 0.028037383177570093,
      "recall": 0,
      "specificity": 1,
      "confusionMatrix": [
        [
          0,
          0
        ],
        [
          3,
          104
        ]
      ]
    },
    "blog": {
      "total": 1,
      "samplePortion": 0.009345794392523364,
      "tp": 0,
      "fp": 0,
      "fn": 1,
      "tn": 106,
      "accuracy": 0.9906542056074766,
      "f1": null,
      "fallOut": 0,
      "missRate": 1,
      "precision": null,
      "prevalence": 0.009345794392523364,
      "recall": 0,
      "specificity": 1,
      "confusionMatrix": [
        [
          0,
          0
        ],
        [
          1,
          106
        ]
      ]
    },
    "bug": {
      "total": 3,
      "samplePortion": 0.028037383177570093,
      "tp": 1,
      "fp": 1,
      "fn": 2,
      "tn": 103,
      "accuracy": 0.9719626168224299,
      "f1": 0.4,
      "fallOut": 0.009615384615384616,
      "missRate": 0.6666666666666666,
      "precision": 0.5,
      "prevalence": 0.028037383177570093,
      "recall": 0.3333333333333333,
      "specificity": 0.9903846153846154,
      "confusionMatrix": [
        [
          1,
          1
        ],
        [
          2,
          103
        ]
      ]
    },
    "business": {
      "total": 2,
      "samplePortion": 0.018691588785046728,
      "tp": 0,
      "fp": 0,
      "fn": 2,
      "tn": 105,
      "accuracy": 0.9813084112149533,
      "f1": null,
      "fallOut": 0,
      "missRate": 1,
      "precision": null,
      "prevalence": 0.018691588785046728,
      "recall": 0,
      "specificity": 1,
      "confusionMatrix": [
        [
          0,
          0
        ],
        [
          2,
          105
        ]
      ]
    },
    "code": {
      "total": 6,
      "samplePortion": 0.056074766355140186,
      "tp": 2,
      "fp": 0,
      "fn": 4,
      "tn": 101,
      "accuracy": 0.9626168224299065,
      "f1": 0.5,
      "fallOut": 0,
      "missRate": 0.6666666666666666,
      "precision": 1,
      "prevalence": 0.056074766355140186,
      "recall": 0.3333333333333333,
      "specificity": 1,
      "confusionMatrix": [
        [
          2,
          0
        ],
        [
          4,
          101
        ]
      ]
    },
    "content": {
      "total": 1,
      "samplePortion": 0.009345794392523364,
      "tp": 0,
      "fp": 0,
      "fn": 1,
      "tn": 106,
      "accuracy": 0.9906542056074766,
      "f1": null,
      "fallOut": 0,
      "missRate": 1,
      "precision": null,
      "prevalence": 0.009345794392523364,
      "recall": 0,
      "specificity": 1,
      "confusionMatrix": [
        [
          0,
          0
        ],
        [
          1,
          106
        ]
      ]
    },
    "data": {
      "total": 1,
      "samplePortion": 0.009345794392523364,
      "tp": 1,
      "fp": 0,
      "fn": 0,
      "tn": 106,
      "accuracy": 1,
      "f1": 1,
      "fallOut": 0,
      "missRate": 0,
      "precision": 1,
      "prevalence": 0.009345794392523364,
      "recall": 1,
      "specificity": 1,
      "confusionMatrix": [
        [
          1,
          0
        ],
        [
          0,
          106
        ]
      ]
    },
    "design": {
      "total": 2,
      "samplePortion": 0.018691588785046728,
      "tp": 1,
      "fp": 0,
      "fn": 1,
      "tn": 105,
      "accuracy": 0.9906542056074766,
      "f1": 0.6666666666666666,
      "fallOut": 0,
      "missRate": 0.5,
      "precision": 1,
      "prevalence": 0.018691588785046728,
      "recall": 0.5,
      "specificity": 1,
      "confusionMatrix": [
        [
          1,
          0
        ],
        [
          1,
          105
        ]
      ]
    },
    "doc": {
      "total": 2,
      "samplePortion": 0.018691588785046728,
      "tp": 1,
      "fp": 0,
      "fn": 1,
      "tn": 105,
      "accuracy": 0.9906542056074766,
      "f1": 0.6666666666666666,
      "fallOut": 0,
      "missRate": 0.5,
      "precision": 1,
      "prevalence": 0.018691588785046728,
      "recall": 0.5,
      "specificity": 1,
      "confusionMatrix": [
        [
          1,
          0
        ],
        [
          1,
          105
        ]
      ]
    },
    "eventOrganizing": {
      "total": 1,
      "samplePortion": 0.009345794392523364,
      "tp": 0,
      "fp": 0,
      "fn": 1,
      "tn": 106,
      "accuracy": 0.9906542056074766,
      "f1": null,
      "fallOut": 0,
      "missRate": 1,
      "precision": null,
      "prevalence": 0.009345794392523364,
      "recall": 0,
      "specificity": 1,
      "confusionMatrix": [
        [
          0,
          0
        ],
        [
          1,
          106
        ]
      ]
    },
    "example": {
      "total": 1,
      "samplePortion": 0.009345794392523364,
      "tp": 0,
      "fp": 1,
      "fn": 1,
      "tn": 105,
      "accuracy": 0.9813084112149533,
      "f1": null,
      "fallOut": 0.009433962264150943,
      "missRate": 1,
      "precision": 0,
      "prevalence": 0.009345794392523364,
      "recall": 0,
      "specificity": 0.9905660377358491,
      "confusionMatrix": [
        [
          0,
          1
        ],
        [
          1,
          105
        ]
      ]
    },
    "financial": {
      "total": 1,
      "samplePortion": 0.009345794392523364,
      "tp": 0,
      "fp": 0,
      "fn": 1,
      "tn": 106,
      "accuracy": 0.9906542056074766,
      "f1": null,
      "fallOut": 0,
      "missRate": 1,
      "precision": null,
      "prevalence": 0.009345794392523364,
      "recall": 0,
      "specificity": 1,
      "confusionMatrix": [
        [
          0,
          0
        ],
        [
          1,
          106
        ]
      ]
    },
    "fundingFinding": {
      "total": 1,
      "samplePortion": 0.009345794392523364,
      "tp": 0,
      "fp": 1,
      "fn": 1,
      "tn": 105,
      "accuracy": 0.9813084112149533,