{
  "total": 107,
  "correctPredictions": 39,
  "incorrectPredictions": 68,
  "classes": [
    "a11y",
    "audio",
    "blog",
    "bug",
    "business",
    "code",
    "content",
    "data",
    "design",
    "doc",
    "eventOrganizing",
    "example",
    "financial",
    "fundingFinding",
    "ideas",
    "infra",
    "maintenance",
    "mentoring",
    "null",
    "platform",
    "plugin",
    "projectManagement",
    "promotion",
    "question",
    "research",
    "review",
    "security",
    "talk",
    "test",
    "tool",
    "translation",
    "tutorial",
    "userTesting",
    "video"
  ],
  "microAvg": {
    "accuracy": 0.3644859813084112,
    "f1": 0.3644859813084112,
    "fallOut": 0.019258000566411783,
    "missRate": 0.6355140186915887,
    "precision": 0.3644859813084112,
    "prevalence": 0.029411764705882353,
    "recall": 0.3644859813084112,
    "specificity": 0.9807419994335882
  },
  "macroAvg": {
    "accuracy": 0.9626168224299069,
    "f1": null,
    "fallOut": 0.02148387744992627,
    "missRate": null,
    "precision": null,
    "prevalence": 0.029411764705882353,
    "recall": null,
    "specificity": 0.9785161225500737
  },
  "weightedAvg": {
    "accuracy": 0.8856668704690364,
    "f1": null,
    "fallOut": 0.09493781460590425,
    "missRate": null,
    "precision": null,
    "prevalence": 0.061402742597606745,
    "recall": null,
    "specificity": 0.9050621853940957
  },
  "results": {
    "a11y": {
      "total": 1,
      "samplePortion": 0.009345794392523364,
      "tp": 0,
      "fp": 0,
      "fn": 1,
      "tn": 106,
      "accuracy": 0.9906542056074766,
      "f1": null,
      "fallOut": 0,
      "missRate": 1,
      "precision": null,
      "prevalence": 0.009345794392523364,
      "recall": 0,
      "specificity": 1,
      "confusionMatrix": [
        [
          0,
          0
        ],
        [
          1,
          106
        ]
      ]
    },
    "audio": {
      "total": 3,
      "samplePortion": 0.028037383177570093,
      "tp": 0,
      "fp": 0,
      "fn": 3,
      "tn": 104,
      "accuracy": 0.9719626168224299,
      "f1": null,
      "fallOut": 0,
      "missRate": 1,
      "precision": null,
      "prevalence": 0.028037383177570093,
      "recall": 0,
      "specificity": 1,
      "confusionMatrix": [
        [
          0,
          0
        ],
        [
          3,
          104
        ]
      ]
    },
    "blog": {
      "total": 0,
      "samplePortion": 0,
      "tp": 0,
      "fp": 0,
      "fn": 0,
      "tn": 107,
      "accuracy": 1,
      "f1": null,
      "fallOut": 0,
      "missRate": null,
      "precision": null,
      "prevalence": 0,
      "recall": null,
      "specificity": 1,
      "confusionMatrix": [
        [
          0,
          0
        ],
        [
          0,
          107
        ]
      ]
    },
    "bug": {
      "total": 4,
      "samplePortion": 0.037383177570093455,
      "tp": 3,
      "fp": 1,
      "fn": 1,
      "tn": 102,
      "accuracy": 0.9813084112149533,
      "f1": 0.75,
      "fallOut": 0.009708737864077669,
      "missRate": 0.25,
      "precision": 0.75,
      "prevalence": 0.037383177570093455,
      "recall": 0.75,
      "specificity": 0.9902912621359223,
      "confusionMatrix": [
        [
          3,
          1
        ],
        [
          1,
          102
        ]
      ]
    },
    "business": {
      "total": 3,
      "samplePortion": 0.028037383177570093,
      "tp": 1,
      "fp": 0,
      "fn": 2,
      "tn": 104,
      "accuracy": 0.9813084112149533,
      "f1": 0.5,
      "fallOut": 0,
      "missRate": 0.6666666666666666,
      "precision": 1,
      "prevalence": 0.028037383177570093,
      "recall": 0.3333333333333333,
      "specificity": 1,
      "confusionMatrix": [
        [
          1,
          0
        ],
        [
          2,
          104
        ]
      ]
    },
    "code": {
      "total": 11,
      "samplePortion": 0.102803738317757,
      "tp": 2,
      "fp": 2,
      "fn": 9,
      "tn": 94,
      "accuracy": 0.897196261682243,
      "f1": 0.26666666666666666,
      "fallOut": 0.020833333333333332,
      "missRate": 0.8181818181818182,
      "precision": 0.5,
      "prevalence": 0.102803738317757,
      "recall": 0.18181818181818182,
      "specificity": 0.9791666666666666,
      "confusionMatrix": [
        [
          2,
          2
        ],
        [
          9,
          94
        ]
      ]
    },
    "content": {
      "total": 3,
      "samplePortion": 0.028037383177570093,
      "tp": 0,
      "fp": 0,
      "fn": 3,
      "tn": 104,
      "accuracy": 0.9719626168224299,
      "f1": null,
      "fallOut": 0,
      "missRate": 1,
      "precision": null,
      "prevalence": 0.028037383177570093,
      "recall": 0,
      "specificity": 1,
      "confusionMatrix": [
        [
          0,
          0
        ],
        [
          3,
          104
        ]
      ]
    },
    "data": {
      "total": 1,
      "samplePortion": 0.009345794392523364,
      "tp": 1,
      "fp": 1,
      "fn": 0,
      "tn": 105,
      "accuracy": 0.9906542056074766,
      "f1": 0.6666666666666666,
      "fallOut": 0.009433962264150943,
      "missRate": 0,
      "precision": 0.5,
      "prevalence": 0.009345794392523364,
      "recall": 1,
      "specificity": 0.9905660377358491,
      "confusionMatrix": [
        [
          1,
          1
        ],
        [
          0,
          105
        ]
      ]
    },
    "design": {
      "total": 5,
      "samplePortion": 0.04672897196261682,
      "tp": 1,
      "fp": 0,
      "fn": 4,
      "tn": 102,
      "accuracy": 0.9626168224299065,
      "f1": 0.33333333333333337,
      "fallOut": 0,
      "missRate": 0.8,
      "precision": 1,
      "prevalence": 0.04672897196261682,
      "recall": 0.2,
      "specificity": 1,
      "confusionMatrix": [
        [
          1,
          0
        ],
        [
          4,
          102
        ]
      ]
    },
    "doc": {
      "total": 3,
      "samplePortion": 0.028037383177570093,
      "tp": 3,
      "fp": 0,
      "fn": 0,
      "tn": 104,
      "accuracy": 1,
      "f1": 1,
      "fallOut": 0,
      "missRate": 0,
      "precision": 1,
      "prevalence": 0.028037383177570093,
      "recall": 1,
      "specificity": 1,
      "confusionMatrix": [
        [
          3,
          0
        ],
        [
          0,
          104
        ]
      ]
    },
    "eventOrganizing": {
      "total": 1,
      "samplePortion": 0.009345794392523364,
      "tp": 1,
      "fp": 0,
      "fn": 0,
      "tn": 106,
      "accuracy": 1,
      "f1": 1,
      "fallOut": 0,
      "missRate": 0,
      "precision": 1,
      "prevalence": 0.009345794392523364,
      "recall": 1,
      "specificity": 1,
      "confusionMatrix": [
        [
          1,
          0
        ],
        [
          0,
          106
        ]
      ]
    },
    "example": {
      "total": 2,
      "samplePortion": 0.018691588785046728,
      "tp": 0,
      "fp": 0,
      "fn": 2,
      "tn": 105,
      "accuracy": 0.9813084112149533,
      "f1": null,
      "fallOut": 0,
      "missRate": 1,
      "precision": null,
      "prevalence": 0.018691588785046728,
      "recall": 0,
      "specificity": 1,
      "confusionMatrix": [
        [
          0,
          0
        ],
        [
          2,
          105
        ]
      ]
    },
    "financial": {
      "total": 3,
      "samplePortion": 0.028037383177570093,
      "tp": 0,
      "fp": 0,
      "fn": 3,
      "tn": 104,
      "accuracy": 0.9719626168224299,
      "f1": null,
      "fallOut": 0,
      "missRate": 1,
      "precision": null,
      "prevalence": 0.028037383177570093,
      "recall": 0,
      "specificity": 1,
      "confusionMatrix": [
        [
          0,
          0
        ],
        [
          3,
          104
        ]
      ]
    },
    "fundingFinding": {
      "total": 1,
      "samplePortion": 0.009345794392523364,
      "tp": 1,
      "fp": 1,
      "fn": 0,
      "tn": 105,