{
  "total": 106,
  "correctPredictions": 40,
  "incorrectPredictions": 66,
  "classes": [
    "a11y",
    "audio",
    "blog",
    "bug",
    "business",
    "code",
    "content",
    "data",
    "design",
    "doc",
    "eventOrganizing",
    "example",
    "financial",
    "fundingFinding",
    "ideas",
    "infra",
    "maintenance",
    "mentoring",
    "null",
    "platform",
    "plugin",
    "projectManagement",
    "question",
    "research",
    "review",
    "security",
    "talk",
    "test",
    "tool",
    "translation",
    "tutorial",
    "userTesting",
    "video"
  ],
  "microAvg": {
    "accuracy": 0.37735849056603776,
    "f1": 0.37735849056603776,
    "fallOut": 0.01945754716981132,
    "missRate": 0.6226415094339622,
    "precision": 0.37735849056603776,
    "prevalence": 0.030303030303030304,
    "recall": 0.37735849056603776,
    "specificity": 0.9805424528301887
  },
  "macroAvg": {
    "accuracy": 0.9622641509433965,
    "f1": null,
    "fallOut": 0.0210180891282268,
    "missRate": null,
    "precision": null,
    "prevalence": 0.0303030303030303,
    "recall": null,
    "specificity": 0.9789819108717732
  },
  "weightedAvg": {
    "accuracy": 0.9065503737985046,
    "f1": null,
    "fallOut": 0.07095543179752214,
    "missRate": null,
    "precision": null,
    "prevalence": 0.06034175863296547,
    "recall": null,
    "specificity": 0.9290445682024777
  },
  "results": {
    "a11y": {
      "total": 2,
      "samplePortion": 0.018867924528301886,
      "tp": 0,
      "fp": 0,
      "fn": 2,
      "tn": 104,
      "accuracy": 0.9811320754716981,
      "f1": null,
      "fallOut": 0,
      "missRate": 1,
      "precision": null,
      "prevalence": 0.018867924528301886,
      "recall": 0,
      "specificity": 1,
      "confusionMatrix": [
        [0, 0],
        [2, 104]
      ]
    },
    "audio": {
      "total": 0,
      "samplePortion": 0,
      "tp": 0,
      "fp": 0,
      "fn": 0,
      "tn": 106,
      "accuracy": 1,
      "f1": null,
      "fallOut": 0,
      "missRate": null,
      "precision": null,
      "prevalence": 0,
      "recall": null,
      "specificity": 1,
      "confusionMatrix": [
        [0, 0],
        [0, 106]
      ]
    },
    "blog": {
      "total": 1,
      "samplePortion": 0.009433962264150943,
      "tp": 0,
      "fp": 0,
      "fn": 1,
      "tn": 105,
      "accuracy": 0.9905660377358491,
      "f1": null,
      "fallOut": 0,
      "missRate": 1,
      "precision": null,
      "prevalence": 0.009433962264150943,
      "recall": 0,
      "specificity": 1,
      "confusionMatrix": [
        [0, 0],
        [1, 105]
      ]
    },
    "bug": {
      "total": 6,
      "samplePortion": 0.05660377358490566,
      "tp": 3,
      "fp": 1,
      "fn": 3,
      "tn": 99,
      "accuracy": 0.9622641509433962,
      "f1": 0.6,
      "fallOut": 0.01,
      "missRate": 0.5,
      "precision": 0.75,
      "prevalence": 0.05660377358490566,
      "recall": 0.5,
      "specificity": 0.99,
      "confusionMatrix": [
        [3, 1],
        [3, 99]
      ]
    },
    "business": {
      "total": 2,
      "samplePortion": 0.018867924528301886,
      "tp": 0,
      "fp": 0,
      "fn": 2,
      "tn": 104,
      "accuracy": 0.9811320754716981,
      "f1": null,
      "fallOut": 0,
      "missRate": 1,
      "precision": null,
      "prevalence": 0.018867924528301886,
      "recall": 0,
      "specificity": 1,
      "confusionMatrix": [
        [0, 0],
        [2, 104]
      ]
    },
    "code": {
      "total": 12,
      "samplePortion": 0.11320754716981132,
      "tp": 4,
      "fp": 0,
      "fn": 8,
      "tn": 94,
      "accuracy": 0.9245283018867925,
      "f1": 0.5,
      "fallOut": 0,
      "missRate": 0.6666666666666666,
      "precision": 1,
      "prevalence": 0.11320754716981132,
      "recall": 0.3333333333333333,
      "specificity": 1,
      "confusionMatrix": [
        [4, 0],
        [8, 94]
      ]
    },
    "content": {
      "total": 3,
      "samplePortion": 0.02830188679245283,
      "tp": 0,
      "fp": 0,
      "fn": 3,
      "tn": 103,
      "accuracy": 0.9716981132075472,
      "f1": null,
      "fallOut": 0,
      "missRate": 1,
      "precision": null,
      "prevalence": 0.02830188679245283,
      "recall": 0,
      "specificity": 1,
      "confusionMatrix": [
        [0, 0],
        [3, 103]
      ]
    },
    "data": {
      "total": 1,
      "samplePortion": 0.009433962264150943,
      "tp": 1,
      "fp": 1,
      "fn": 0,
      "tn": 104,
      "accuracy": 0.9905660377358491,
      "f1": 0.6666666666666666,
      "fallOut": 0.009523809523809525,
      "missRate": 0,
      "precision": 0.5,
      "prevalence": 0.009433962264150943,
      "recall": 1,
      "specificity": 0.9904761904761905,
      "confusionMatrix": [
        [1, 1],
        [0, 104]
      ]
    },
    "design": {
      "total": 4,
      "samplePortion": 0.03773584905660377,
      "tp": 2,
      "fp": 0,
      "fn": 2,
      "tn": 102,
      "accuracy": 0.9811320754716981,
      "f1": 0.6666666666666666,
      "fallOut": 0,
      "missRate": 0.5,
      "precision": 1,
      "prevalence": 0.03773584905660377,
      "recall": 0.5,
      "specificity": 1,
      "confusionMatrix": [
        [2, 0],
        [2, 102]
      ]
    },
    "doc": {
      "total": 7,
      "samplePortion": 0.0660377358490566,
      "tp": 3,
      "fp": 0,
      "fn": 4,
      "tn": 99,
      "accuracy": 0.9622641509433962,
      "f1": 0.6,
      "fallOut": 0,
      "missRate": 0.5714285714285714,
      "precision": 1,
      "prevalence": 0.0660377358490566,
      "recall": 0.42857142857142855,
      "specificity": 1,
      "confusionMatrix": [
        [3, 0],
        [4, 99]
      ]
    },
    "eventOrganizing": {
      "total": 1,
      "samplePortion": 0.009433962264150943,
      "tp": 1,
      "fp": 0,
      "fn": 0,
      "tn": 105,
      "accuracy": 1,
      "f1": 1,
      "fallOut": 0,
      "missRate": 0,
      "precision": 1,
      "prevalence": 0.009433962264150943,
      "recall": 1,
      "specificity": 1,
      "confusionMatrix": [
        [1, 0],
        [0, 105]
      ]
    },
    "example": {
      "total": 1,
      "samplePortion": 0.009433962264150943,
      "tp": 0,
      "fp": 0,
      "fn": 1,
      "tn": 105,
      "accuracy": 0.9905660377358491,
      "f1": null,
      "fallOut": 0,
      "missRate": 1,
      "precision": null,
      "prevalence": 0.009433962264150943,
      "recall": 0,
      "specificity": 1,
      "confusionMatrix": [
        [0, 0],
        [1, 105]
      ]
    },
    "financial": {
      "total": 2,
      "samplePortion": 0.018867924528301886,
      "tp": 0,
      "fp": 1,
      "fn": 2,
      "tn": 103,
      "accuracy": 0.9716981132075472,
      "f1": null,
      "fallOut": 0.009615384615384616,
      "missRate": 1,
      "precision": 0,
      "prevalence": 0.018867924528301886,
      "recall": 0,
      "specificity": 0.9903846153846154,
      "confusionMatrix": [
        [0, 1],
        [2, 103]
      ]
    },
    "fundingFinding": {
      "total": 2,
      "samplePortion": 0.018867924528301886,
      "tp": 0,
      "fp": 0,
      "fn": 2,
      "tn": 104,
      "accuracy": 0.9811320754716981,
      "f1": null,
      "fallOut": 0,
      "missRate": 1,
      "precision": null,
      "prevalence": 0.018867924528301886,
      "recall": 0,
      "specificity": 1,
      "confusionMatrix": [
        [0, 0],
        [2, 104]
      ]
    },
    "ideas": {
      "total": 10,
      "samplePortion": 0.09433962264150944,
      "tp": 6,
      "fp": 0,
      "fn": 4,
      "tn": 96,
      "accuracy": 0.9622641509433962,
      "f1": 0.7499999999999999,
      "fallOut": 0,
      "missRate": 0.4,
      "precision": 1,
      "prevalence": 0.09433962264150944,
      "recall": 0.6,
      "specificity": 1,
      "confusionMatrix": [
        [6, 0],
        [4, 96]
      ]
    },
    "infra": {
      "total": 6,
      "samplePortion": 0.05660377358490566,
      "tp": 4,
      "fp": 0,
      "fn": 2,