{
  "total": 73,
  "correctPredictions": 48,
  "incorrectPredictions": 25,
  "classes": [
    "blog",
    "bug",
    "business",
    "code",
    "content",
    "design",
    "doc",
    "eventOrganizing",
    "example",
    "financial",
    "fundingFinding",
    "ideas",
    "infra",
    "maintenance",
    "null",
    "platform",
    "plugin",
    "projectManagement",
    "question",
    "review",
    "security",
    "talk",
    "test",
    "tool",
    "translation",
    "tutorial",
    "userTesting",
    "video"
  ],
  "microAvg": {
    "accuracy": 0.6575342465753424,
    "f1": 0.6575342465753424,
    "fallOut": 0.012683916793505834,
    "missRate": 0.3424657534246575,
    "precision": 0.6575342465753424,
    "prevalence": 0.03571428571428571,
    "recall": 0.6575342465753424,
    "specificity": 0.9873160832064941
  },
  "macroAvg": {
    "accuracy": 0.9755381604696675,
    "f1": null,
    "fallOut": 0.02152796918497285,
    "missRate": null,
    "precision": null,
    "prevalence": 0.03571428571428571,
    "recall": null,
    "specificity": 0.9784720308150272
  },
  "results": {
    "blog": {
      "total": 0,
      "samplePortion": 0,
      "tp": 0,
      "fp": 0,
      "fn": 0,
      "tn": 73,
      "accuracy": 1,
      "f1": null,
      "fallOut": 0,
      "missRate": null,
      "precision": null,
      "prevalence": 0,
      "recall": null,
      "specificity": 1,
      "confusionMatrix": [[0, 0], [0, 73]]
    },
    "bug": {
      "total": 2,
      "samplePortion": 0.0273972602739726,
      "tp": 1,
      "fp": 0,
      "fn": 1,
      "tn": 71,
      "accuracy": 0.9863013698630136,
      "f1": 0.6666666666666666,
      "fallOut": 0,
      "missRate": 0.5,
      "precision": 1,
      "prevalence": 0.0273972602739726,
      "recall": 0.5,
      "specificity": 1,
      "confusionMatrix": [[1, 0], [1, 71]]
    },
    "business": {
      "total": 1,
      "samplePortion": 0.0136986301369863,
      "tp": 1,
      "fp": 0,
      "fn": 0,
      "tn": 72,
      "accuracy": 1,
      "f1": 1,
      "fallOut": 0,
      "missRate": 0,
      "precision": 1,
      "prevalence": 0.0136986301369863,
      "recall": 1,
      "specificity": 1,
      "confusionMatrix": [[1, 0], [0, 72]]
    },
    "code": {
      "total": 11,
      "samplePortion": 0.1506849315068493,
      "tp": 2,
      "fp": 0,
      "fn": 9,
      "tn": 62,
      "accuracy": 0.8767123287671232,
      "f1": 0.3076923076923077,
      "fallOut": 0,
      "missRate": 0.8181818181818182,
      "precision": 1,
      "prevalence": 0.1506849315068493,
      "recall": 0.18181818181818182,
      "specificity": 1,
      "confusionMatrix": [[2, 0], [9, 62]]
    },
    "content": {
      "total": 1,
      "samplePortion": 0.0136986301369863,
      "tp": 0,
      "fp": 0,
      "fn": 1,
      "tn": 72,
      "accuracy": 0.9863013698630136,
      "f1": null,
      "fallOut": 0,
      "missRate": 1,
      "precision": null,
      "prevalence": 0.0136986301369863,
      "recall": 0,
      "specificity": 1,
      "confusionMatrix": [[0, 0], [1, 72]]
    },
    "design": {
      "total": 1,
      "samplePortion": 0.0136986301369863,
      "tp": 1,
      "fp": 0,
      "fn": 0,
      "tn": 72,
      "accuracy": 1,
      "f1": 1,
      "fallOut": 0,
      "missRate": 0,
      "precision": 1,
      "prevalence": 0.0136986301369863,
      "recall": 1,
      "specificity": 1,
      "confusionMatrix": [[1, 0], [0, 72]]
    },
    "doc": {
      "total": 5,
      "samplePortion": 0.0684931506849315,
      "tp": 3,
      "fp": 0,
      "fn": 2,
      "tn": 68,
      "accuracy": 0.9726027397260274,
      "f1": 0.7499999999999999,
      "fallOut": 0,
      "missRate": 0.4,
      "precision": 1,
      "prevalence": 0.0684931506849315,
      "recall": 0.6,
      "specificity": 1,
      "confusionMatrix": [[3, 0], [2, 68]]
    },
    "eventOrganizing": {
      "total": 0,
      "samplePortion": 0,
      "tp": 0,
      "fp": 0,
      "fn": 0,
      "tn": 73,
      "accuracy": 1,
      "f1": null,
      "fallOut": 0,
      "missRate": null,
      "precision": null,
      "prevalence": 0,
      "recall": null,
      "specificity": 1,
      "confusionMatrix": [[0, 0], [0, 73]]
    },
    "example": {
      "total": 0,
      "samplePortion": 0,
      "tp": 0,
      "fp": 1,
      "fn": 0,
      "tn": 72,
      "accuracy": 0.9863013698630136,
      "f1": null,
      "fallOut": 0.0136986301369863,
      "missRate": null,
      "precision": 0,
      "prevalence": 0,
      "recall": null,
      "specificity": 0.9863013698630136,
      "confusionMatrix": [[0, 1], [0, 72]]
    },
    "financial": {
      "total": 1,
      "samplePortion": 0.0136986301369863,
      "tp": 0,
      "fp": 0,
      "fn": 1,
      "tn": 72,
      "accuracy": 0.9863013698630136,
      "f1": null,
      "fallOut": 0,
      "missRate": 1,
      "precision": null,
      "prevalence": 0.0136986301369863,
      "recall": 0,
      "specificity": 1,
      "confusionMatrix": [[0, 0], [1, 72]]
    },
    "fundingFinding": {
      "total": 0,
      "samplePortion": 0,
      "tp": 0,
      "fp": 0,
      "fn": 0,
      "tn": 73,
      "accuracy": 1,
      "f1": null,
      "fallOut": 0,
      "missRate": null,
      "precision": null,
      "prevalence": 0,
      "recall": null,
      "specificity": 1,
      "confusionMatrix": [[0, 0], [0, 73]]
    },
    "ideas": {
      "total": 2,
      "samplePortion": 0.0273972602739726,
      "tp": 1,
      "fp": 1,
      "fn": 1,
      "tn": 70,
      "accuracy": 0.9726027397260274,
      "f1": 0.5,
      "fallOut": 0.014084507042253521,
      "missRate": 0.5,
      "precision": 0.5,
      "prevalence": 0.0273972602739726,
      "recall": 0.5,
      "specificity": 0.9859154929577465,
      "confusionMatrix": [[1, 1], [1, 70]]
    },
    "infra": {
      "total": 2,
      "samplePortion": 0.0273972602739726,
      "tp": 1,
      "fp": 0,
      "fn": 1,
      "tn": 71,
      "accuracy": 0.9863013698630136,
      "f1": 0.6666666666666666,
      "fallOut": 0,
      "missRate": 0.5,
      "precision": 1,
      "prevalence": 0.0273972602739726,
      "recall": 0.5,
      "specificity": 1,
      "confusionMatrix": [[1, 0], [1, 71]]
    },
    "maintenance": {
      "total": 5,
      "samplePortion": 0.0684931506849315,
      "tp": 3,
      "fp": 0,
      "fn": 2,
      "tn": 68,
      "accuracy": 0.9726027397260274,
      "f1": 0.7499999999999999,
      "fallOut": 0,
      "missRate": 0.4,
      "precision": 1,
      "prevalence": 0.0684931506849315,
      "recall": 0.6,
      "specificity": 1,
      "confusionMatrix": [[3, 0], [2, 68]]
    },
    "null": {
      "total": 33,
      "samplePortion": 0.4520547945205479,
      "tp": 32,
      "fp": 23,
      "fn": 1,
      "tn": 17,
      "accuracy": 0.6712328767123288,
      "f1": 0.7272727272727272,
      "fallOut": 0.575,
      "missRate": 0.030303030303030304,
      "precision": 0.5818181818181818,
      "prevalence": 0.4520547945205479,
      "recall": 0.9696969696969697,
      "specificity": 0.425,
      "confusionMatrix": [[32, 23], [1, 17]]
    },
    "platform": {
      "total": 2,
      "samplePortion": 0.0273972602739726,
      "tp": 1,
      "fp": 0,
      "fn": 1,
      "tn": 71,
      "accuracy": 0.9863013698630136,
      "f1": 0.6666666666666666,
      "fallOut": 0,
      "missRate": 0.5,
      "precision": 1,
      "prevalence": 0.0273972602739726,
      "recall": 0.5,
      "specificity": 1,
      "confusionMatrix": [[1, 0], [1, 71]]
    },
    "plugin": {
      "total": 0,
      "samplePortion": 0,
      "tp": 0,
      "fp": 0,
      "fn": 0,
      "tn": 73,
      "accuracy": 1,
      "f1": null,
      "fallOut": 0,
      "missRate": null,
      "precision": null,
      "prevalence": 0,
      "recall": null,
      "specificity": 1,
      "confusionMatrix": [[0, 0], [0, 73]]
    },
    "projectManagement": {
      "total": 1,
      "samplePortion": 0.0136986301369863,
      "tp": 0,
      "fp": 0,
      "fn": 1,
      "tn": 72,
      "accuracy": 0.9863013698630136,