{
  "total": 73,
  "correctPredictions": 47,
  "incorrectPredictions": 26,
  "classes": [
    "blog",
    "bug",
    "business",
    "code",
    "content",
    "design",
    "doc",
    "eventOrganizing",
    "example",
    "financial",
    "fundingFinding",
    "ideas",
    "infra",
    "maintenance",
    "null",
    "platform",
    "plugin",
    "projectManagement",
    "question",
    "review",
    "security",
    "talk",
    "test",
    "tool",
    "translation",
    "tutorial",
    "userTesting",
    "video"
  ],
  "microAvg": {
    "accuracy": 0.6438356164383562,
    "f1": 0.6438356164383562,
    "fallOut": 0.013191273465246067,
    "missRate": 0.3561643835616438,
    "precision": 0.6438356164383562,
    "prevalence": 0.03571428571428571,
    "recall": 0.6438356164383562,
    "specificity": 0.9868087265347539
  },
  "macroAvg": {
    "accuracy": 0.9745596868884542,
    "f1": null,
    "fallOut": 0.022092799854683657,
    "missRate": null,
    "precision": null,
    "prevalence": 0.03571428571428571,
    "recall": null,
    "specificity": 0.9779072001453163
  },
  "results": {
    "blog": {
      "total": 0,
      "samplePortion": 0,
      "tp": 0,
      "fp": 0,
      "fn": 0,
      "tn": 73,
      "accuracy": 1,
      "f1": null,
      "fallOut": 0,
      "missRate": null,
      "precision": null,
      "prevalence": 0,
      "recall": null,
      "specificity": 1,
      "confusionMatrix": [[0, 0], [0, 73]]
    },
    "bug": {
      "total": 2,
      "samplePortion": 0.0273972602739726,
      "tp": 2,
      "fp": 1,
      "fn": 0,
      "tn": 70,
      "accuracy": 0.9863013698630136,
      "f1": 0.8,
      "fallOut": 0.014084507042253521,
      "missRate": 0,
      "precision": 0.6666666666666666,
      "prevalence": 0.0273972602739726,
      "recall": 1,
      "specificity": 0.9859154929577465,
      "confusionMatrix": [[2, 1], [0, 70]]
    },
    "business": {
      "total": 1,
      "samplePortion": 0.0136986301369863,
      "tp": 0,
      "fp": 0,
      "fn": 1,
      "tn": 72,
      "accuracy": 0.9863013698630136,
      "f1": null,
      "fallOut": 0,
      "missRate": 1,
      "precision": null,
      "prevalence": 0.0136986301369863,
      "recall": 0,
      "specificity": 1,
      "confusionMatrix": [[0, 0], [1, 72]]
    },
    "code": {
      "total": 9,
      "samplePortion": 0.1232876712328767,
      "tp": 5,
      "fp": 1,
      "fn": 4,
      "tn": 63,
      "accuracy": 0.9315068493150684,
      "f1": 0.6666666666666667,
      "fallOut": 0.015625,
      "missRate": 0.4444444444444444,
      "precision": 0.8333333333333334,
      "prevalence": 0.1232876712328767,
      "recall": 0.5555555555555556,
      "specificity": 0.984375,
      "confusionMatrix": [[5, 1], [4, 63]]
    },
    "content": {
      "total": 0,
      "samplePortion": 0,
      "tp": 0,
      "fp": 0,
      "fn": 0,
      "tn": 73,
      "accuracy": 1,
      "f1": null,
      "fallOut": 0,
      "missRate": null,
      "precision": null,
      "prevalence": 0,
      "recall": null,
      "specificity": 1,
      "confusionMatrix": [[0, 0], [0, 73]]
    },
    "design": {
      "total": 1,
      "samplePortion": 0.0136986301369863,
      "tp": 0,
      "fp": 0,
      "fn": 1,
      "tn": 72,
      "accuracy": 0.9863013698630136,
      "f1": null,
      "fallOut": 0,
      "missRate": 1,
      "precision": null,
      "prevalence": 0.0136986301369863,
      "recall": 0,
      "specificity": 1,
      "confusionMatrix": [[0, 0], [1, 72]]
    },
    "doc": {
      "total": 3,
      "samplePortion": 0.0410958904109589,
      "tp": 2,
      "fp": 0,
      "fn": 1,
      "tn": 70,
      "accuracy": 0.9863013698630136,
      "f1": 0.8,
      "fallOut": 0,
      "missRate": 0.3333333333333333,
      "precision": 1,
      "prevalence": 0.0410958904109589,
      "recall": 0.6666666666666666,
      "specificity": 1,
      "confusionMatrix": [[2, 0], [1, 70]]
    },
    "eventOrganizing": {
      "total": 1,
      "samplePortion": 0.0136986301369863,
      "tp": 0,
      "fp": 0,
      "fn": 1,
      "tn": 72,
      "accuracy": 0.9863013698630136,
      "f1": null,
      "fallOut": 0,
      "missRate": 1,
      "precision": null,
      "prevalence": 0.0136986301369863,
      "recall": 0,
      "specificity": 1,
      "confusionMatrix": [[0, 0], [1, 72]]
    },
    "example": {
      "total": 1,
      "samplePortion": 0.0136986301369863,
      "tp": 1,
      "fp": 1,
      "fn": 0,
      "tn": 71,
      "accuracy": 0.9863013698630136,
      "f1": 0.6666666666666666,
      "fallOut": 0.013888888888888888,
      "missRate": 0,
      "precision": 0.5,
      "prevalence": 0.0136986301369863,
      "recall": 1,
      "specificity": 0.9861111111111112,
      "confusionMatrix": [[1, 1], [0, 71]]
    },
    "financial": {
      "total": 0,
      "samplePortion": 0,
      "tp": 0,
      "fp": 0,
      "fn": 0,
      "tn": 73,
      "accuracy": 1,
      "f1": null,
      "fallOut": 0,
      "missRate": null,
      "precision": null,
      "prevalence": 0,
      "recall": null,
      "specificity": 1,
      "confusionMatrix": [[0, 0], [0, 73]]
    },
    "fundingFinding": {
      "total": 0,
      "samplePortion": 0,
      "tp": 0,
      "fp": 0,
      "fn": 0,
      "tn": 73,
      "accuracy": 1,
      "f1": null,
      "fallOut": 0,
      "missRate": null,
      "precision": null,
      "prevalence": 0,
      "recall": null,
      "specificity": 1,
      "confusionMatrix": [[0, 0], [0, 73]]
    },
    "ideas": {
      "total": 4,
      "samplePortion": 0.0547945205479452,
      "tp": 1,
      "fp": 0,
      "fn": 3,
      "tn": 69,
      "accuracy": 0.958904109589041,
      "f1": 0.4,
      "fallOut": 0,
      "missRate": 0.75,
      "precision": 1,
      "prevalence": 0.0547945205479452,
      "recall": 0.25,
      "specificity": 1,
      "confusionMatrix": [[1, 0], [3, 69]]
    },
    "infra": {
      "total": 1,
      "samplePortion": 0.0136986301369863,
      "tp": 0,
      "fp": 0,
      "fn": 1,
      "tn": 72,
      "accuracy": 0.9863013698630136,
      "f1": null,
      "fallOut": 0,
      "missRate": 1,
      "precision": null,
      "prevalence": 0.0136986301369863,
      "recall": 0,
      "specificity": 1,
      "confusionMatrix": [[0, 0], [1, 72]]
    },
    "maintenance": {
      "total": 3,
      "samplePortion": 0.0410958904109589,
      "tp": 1,
      "fp": 0,
      "fn": 2,
      "tn": 70,
      "accuracy": 0.9726027397260274,
      "f1": 0.5,
      "fallOut": 0,
      "missRate": 0.6666666666666666,
      "precision": 1,
      "prevalence": 0.0410958904109589,
      "recall": 0.3333333333333333,
      "specificity": 1,
      "confusionMatrix": [[1, 0], [2, 70]]
    },
    "null": {
      "total": 33,
      "samplePortion": 0.4520547945205479,
      "tp": 31,
      "fp": 23,
      "fn": 2,
      "tn": 17,
      "accuracy": 0.6575342465753424,
      "f1": 0.7126436781609197,
      "fallOut": 0.575,
      "missRate": 0.06060606060606061,
      "precision": 0.5740740740740741,
      "prevalence": 0.4520547945205479,
      "recall": 0.9393939393939394,
      "specificity": 0.425,
      "confusionMatrix": [[31, 23], [2, 17]]
    },
    "platform": {
      "total": 5,
      "samplePortion": 0.0684931506849315,
      "tp": 2,
      "fp": 0,
      "fn": 3,
      "tn": 68,
      "accuracy": 0.958904109589041,
      "f1": 0.5714285714285715,
      "fallOut": 0,
      "missRate": 0.6,
      "precision": 1,
      "prevalence": 0.0684931506849315,
      "recall": 0.4,
      "specificity": 1,
      "confusionMatrix": [[2, 0], [3, 68]]
    },
    "plugin": {
      "total": 0,
      "samplePortion": 0,
      "tp": 0,
      "fp": 0,
      "fn": 0,
      "tn": 73,
      "accuracy": 1,
      "f1": null,
      "fallOut": 0,
      "missRate": null,
      "precision": null,
      "prevalence": 0,
      "recall": null,
      "specificity": 1,
      "confusionMatrix": [[0, 0], [0, 73]]
    },
    "projectManagement": {
      "total": 1,
      "samplePortion": 0.0136986301369863,
      "tp": 0,