{
  "total": 107,
  "correctPredictions": 42,
  "incorrectPredictions": 65,
  "classes": [
    "a11y",
    "audio",
    "blog",
    "bug",
    "business",
    "code",
    "content",
    "data",
    "design",
    "doc",
    "eventOrganizing",
    "example",
    "financial",
    "fundingFinding",
    "ideas",
    "infra",
    "maintenance",
    "mentoring",
    "null",
    "platform",
    "plugin",
    "projectManagement",
    "question",
    "research",
    "review",
    "security",
    "talk",
    "test",
    "tool",
    "translation",
    "tutorial",
    "userTesting",
    "video"
  ],
  "microAvg": {
    "accuracy": 0.3925233644859813,
    "f1": 0.3925233644859813,
    "fallOut": 0.018983644859813083,
    "missRate": 0.6074766355140186,
    "precision": 0.3925233644859813,
    "prevalence": 0.030303030303030304,
    "recall": 0.3925233644859813,
    "specificity": 0.9810163551401869
  },
  "macroAvg": {
    "accuracy": 0.9631832342112717,
    "f1": null,
    "fallOut": 0.02106585423862497,
    "missRate": null,
    "precision": null,
    "prevalence": 0.030303030303030304,
    "recall": null,
    "specificity": 0.978934145761375
  },
  "weightedAvg": {
    "accuracy": 0.8949253209887322,
    "f1": null,
    "fallOut": 0.08769655436060529,
    "missRate": null,
    "precision": null,
    "prevalence": 0.06070399161498818,
    "recall": null,
    "specificity": 0.9123034456393946
  },
  "results": {
    "a11y": {
      "total": 1,
      "samplePortion": 0.009345794392523364,
      "tp": 0,
      "fp": 0,
      "fn": 1,
      "tn": 106,
      "accuracy": 0.9906542056074766,
      "f1": null,
      "fallOut": 0,
      "missRate": 1,
      "precision": null,
      "prevalence": 0.009345794392523364,
      "recall": 0,
      "specificity": 1,
      "confusionMatrix": [
        [
          0,
          0
        ],
        [
          1,
          106
        ]
      ]
    },
    "audio": {
      "total": 2,
      "samplePortion": 0.018691588785046728,
      "tp": 0,
      "fp": 0,
      "fn": 2,
      "tn": 105,
      "accuracy": 0.9813084112149533,
      "f1": null,
      "fallOut": 0,
      "missRate": 1,
      "precision": null,
      "prevalence": 0.018691588785046728,
      "recall": 0,
      "specificity": 1,
      "confusionMatrix": [
        [
          0,
          0
        ],
        [
          2,
          105
        ]
      ]
    },
    "blog": {
      "total": 2,
      "samplePortion": 0.018691588785046728,
      "tp": 0,
      "fp": 0,
      "fn": 2,
      "tn": 105,
      "accuracy": 0.9813084112149533,
      "f1": null,
      "fallOut": 0,
      "missRate": 1,
      "precision": null,
      "prevalence": 0.018691588785046728,
      "recall": 0,
      "specificity": 1,
      "confusionMatrix": [
        [
          0,
          0
        ],
        [
          2,
          105
        ]
      ]
    },
    "bug": {
      "total": 6,
      "samplePortion": 0.056074766355140186,
      "tp": 1,
      "fp": 0,
      "fn": 5,
      "tn": 101,
      "accuracy": 0.9532710280373832,
      "f1": 0.2857142857142857,
      "fallOut": 0,
      "missRate": 0.8333333333333334,
      "precision": 1,
      "prevalence": 0.056074766355140186,
      "recall": 0.16666666666666666,
      "specificity": 1,
      "confusionMatrix": [
        [
          1,
          0
        ],
        [
          5,
          101
        ]
      ]
    },
    "business": {
      "total": 2,
      "samplePortion": 0.018691588785046728,
      "tp": 1,
      "fp": 0,
      "fn": 1,
      "tn": 105,
      "accuracy": 0.9906542056074766,
      "f1": 0.6666666666666666,
      "fallOut": 0,
      "missRate": 0.5,
      "precision": 1,
      "prevalence": 0.018691588785046728,
      "recall": 0.5,
      "specificity": 1,
      "confusionMatrix": [
        [
          1,
          0
        ],
        [
          1,
          105
        ]
      ]
    },
    "code": {
      "total": 10,
      "samplePortion": 0.09345794392523364,
      "tp": 5,
      "fp": 5,
      "fn": 5,
      "tn": 92,
      "accuracy": 0.9065420560747663,
      "f1": 0.5,
      "fallOut": 0.05154639175257732,
      "missRate": 0.5,
      "precision": 0.5,
      "prevalence": 0.09345794392523364,
      "recall": 0.5,
      "specificity": 0.9484536082474226,
      "confusionMatrix": [
        [
          5,
          5
        ],
        [
          5,
          92
        ]
      ]
    },
    "content": {
      "total": 1,
      "samplePortion": 0.009345794392523364,
      "tp": 0,
      "fp": 0,
      "fn": 1,
      "tn": 106,
      "accuracy": 0.9906542056074766,
      "f1": null,
      "fallOut": 0,
      "missRate": 1,
      "precision": null,
      "prevalence": 0.009345794392523364,
      "recall": 0,
      "specificity": 1,
      "confusionMatrix": [
        [
          0,
          0
        ],
        [
          1,
          106
        ]
      ]
    },
    "data": {
      "total": 2,
      "samplePortion": 0.018691588785046728,
      "tp": 2,
      "fp": 0,
      "fn": 0,
      "tn": 105,
      "accuracy": 1,
      "f1": 1,
      "fallOut": 0,
      "missRate": 0,
      "precision": 1,
      "prevalence": 0.018691588785046728,
      "recall": 1,
      "specificity": 1,
      "confusionMatrix": [
        [
          2,
          0
        ],
        [
          0,
          105
        ]
      ]
    },
    "design": {
      "total": 7,
      "samplePortion": 0.06542056074766354,
      "tp": 3,
      "fp": 0,
      "fn": 4,
      "tn": 100,
      "accuracy": 0.9626168224299065,
      "f1": 0.6,
      "fallOut": 0,
      "missRate": 0.5714285714285714,
      "precision": 1,
      "prevalence": 0.06542056074766354,
      "recall": 0.42857142857142855,
      "specificity": 1,
      "confusionMatrix": [
        [
          3,
          0
        ],
        [
          4,
          100
        ]
      ]
    },
    "doc": {
      "total": 6,
      "samplePortion": 0.056074766355140186,
      "tp": 5,
      "fp": 1,
      "fn": 1,
      "tn": 100,
      "accuracy": 0.9813084112149533,
      "f1": 0.8333333333333334,
      "fallOut": 0.009900990099009901,
      "missRate": 0.16666666666666666,
      "precision": 0.8333333333333334,
      "prevalence": 0.056074766355140186,
      "recall": 0.8333333333333334,
      "specificity": 0.9900990099009901,
      "confusionMatrix": [
        [
          5,
          1
        ],
        [
          1,
          100
        ]
      ]
    },
    "eventOrganizing": {
      "total": 2,
      "samplePortion": 0.018691588785046728,
      "tp": 0,
      "fp": 0,
      "fn": 2,
      "tn": 105,
      "accuracy": 0.9813084112149533,
      "f1": null,
      "fallOut": 0,
      "missRate": 1,
      "precision": null,
      "prevalence": 0.018691588785046728,
      "recall": 0,
      "specificity": 1,
      "confusionMatrix": [
        [
          0,
          0
        ],
        [
          2,
          105
        ]
      ]
    },
    "example": {
      "total": 0,
      "samplePortion": 0,
      "tp": 0,
      "fp": 0,
      "fn": 0,
      "tn": 107,
      "accuracy": 1,
      "f1": null,
      "fallOut": 0,
      "missRate": null,
      "precision": null,
      "prevalence": 0,
      "recall": null,
      "specificity": 1,
      "confusionMatrix": [
        [
          0,
          0
        ],
        [
          0,
          107
        ]
      ]
    },
    "financial": {
      "total": 4,
      "samplePortion": 0.037383177570093455,
      "tp": 0,
      "fp": 0,
      "fn": 4,
      "tn": 103,
      "accuracy": 0.9626168224299065,
      "f1": null,
      "fallOut": 0,
      "missRate": 1,
      "precision": null,
      "prevalence": 0.037383177570093455,
      "recall": 0,
      "specificity": 1,
      "confusionMatrix": [
        [
          0,
          0
        ],
        [
          4,
          103
        ]
      ]
    },
    "fundingFinding": {
      "total": 1,
      "samplePortion": 0.009345794392523364,
      "tp": 0,
      "fp": 2,
      "fn": 1,