{
  "total": 95,
  "correctPredictions": 32,
  "incorrectPredictions": 63,
  "classes": [
    "a11y",
    "audio",
    "blog",
    "bug",
    "business",
    "code",
    "content",
    "data",
    "design",
    "doc",
    "eventOrganizing",
    "example",
    "financial",
    "fundingFinding",
    "ideas",
    "infra",
    "maintenance",
    "mentoring",
    "null",
    "platform",
    "plugin",
    "projectManagement",
    "question",
    "review",
    "security",
    "talk",
    "test",
    "tool",
    "translation",
    "tutorial",
    "userTesting",
    "video"
  ],
  "microAvg": {
    "accuracy": 0.3368421052631579,
    "f1": 0.3368421052631579,
    "fallOut": 0.021392190152801357,
    "missRate": 0.6631578947368421,
    "precision": 0.3368421052631579,
    "prevalence": 0.03125,
    "recall": 0.3368421052631579,
    "specificity": 0.9786078098471986
  },
  "macroAvg": {
    "accuracy": 0.9585526315789475,
    "f1": null,
    "fallOut": 0.021673795388796296,
    "missRate": null,
    "precision": null,
    "prevalence": 0.031249999999999997,
    "recall": null,
    "specificity": 0.9783262046112037
  },
  "weightedAvg": {
    "accuracy": 0.9313019390581717,
    "f1": null,
    "fallOut": 0.030403557704639334,
    "missRate": null,
    "precision": null,
    "prevalence": 0.060387811634349024,
    "recall": null,
    "specificity": 0.9695964422953608
  },
  "results": {
    "a11y": {
      "total": 2,
      "samplePortion": 0.021052631578947368,
      "tp": 0,
      "fp": 0,
      "fn": 2,
      "tn": 93,
      "accuracy": 0.9789473684210527,
      "f1": null,
      "fallOut": 0,
      "missRate": 1,
      "precision": null,
      "prevalence": 0.021052631578947368,
      "recall": 0,
      "specificity": 1,
      "confusionMatrix": [
        [0, 0],
        [2, 93]
      ]
    },
    "audio": {
      "total": 1,
      "samplePortion": 0.010526315789473684,
      "tp": 0,
      "fp": 0,
      "fn": 1,
      "tn": 94,
      "accuracy": 0.9894736842105263,
      "f1": null,
      "fallOut": 0,
      "missRate": 1,
      "precision": null,
      "prevalence": 0.010526315789473684,
      "recall": 0,
      "specificity": 1,
      "confusionMatrix": [
        [0, 0],
        [1, 94]
      ]
    },
    "blog": {
      "total": 1,
      "samplePortion": 0.010526315789473684,
      "tp": 0,
      "fp": 0,
      "fn": 1,
      "tn": 94,
      "accuracy": 0.9894736842105263,
      "f1": null,
      "fallOut": 0,
      "missRate": 1,
      "precision": null,
      "prevalence": 0.010526315789473684,
      "recall": 0,
      "specificity": 1,
      "confusionMatrix": [
        [0, 0],
        [1, 94]
      ]
    },
    "bug": {
      "total": 6,
      "samplePortion": 0.06315789473684211,
      "tp": 3,
      "fp": 1,
      "fn": 3,
      "tn": 88,
      "accuracy": 0.9578947368421052,
      "f1": 0.6,
      "fallOut": 0.011235955056179775,
      "missRate": 0.5,
      "precision": 0.75,
      "prevalence": 0.06315789473684211,
      "recall": 0.5,
      "specificity": 0.9887640449438202,
      "confusionMatrix": [
        [3, 1],
        [3, 88]
      ]
    },
    "business": {
      "total": 2,
      "samplePortion": 0.021052631578947368,
      "tp": 0,
      "fp": 0,
      "fn": 2,
      "tn": 93,
      "accuracy": 0.9789473684210527,
      "f1": null,
      "fallOut": 0,
      "missRate": 1,
      "precision": null,
      "prevalence": 0.021052631578947368,
      "recall": 0,
      "specificity": 1,
      "confusionMatrix": [
        [0, 0],
        [2, 93]
      ]
    },
    "code": {
      "total": 12,
      "samplePortion": 0.12631578947368421,
      "tp": 4,
      "fp": 0,
      "fn": 8,
      "tn": 83,
      "accuracy": 0.9157894736842105,
      "f1": 0.5,
      "fallOut": 0,
      "missRate": 0.6666666666666666,
      "precision": 1,
      "prevalence": 0.12631578947368421,
      "recall": 0.3333333333333333,
      "specificity": 1,
      "confusionMatrix": [
        [4, 0],
        [8, 83]
      ]
    },
    "content": {
      "total": 2,
      "samplePortion": 0.021052631578947368,
      "tp": 0,
      "fp": 0,
      "fn": 2,
      "tn": 93,
      "accuracy": 0.9789473684210527,
      "f1": null,
      "fallOut": 0,
      "missRate": 1,
      "precision": null,
      "prevalence": 0.021052631578947368,
      "recall": 0,
      "specificity": 1,
      "confusionMatrix": [
        [0, 0],
        [2, 93]
      ]
    },
    "data": {
      "total": 1,
      "samplePortion": 0.010526315789473684,
      "tp": 1,
      "fp": 0,
      "fn": 0,
      "tn": 94,
      "accuracy": 1,
      "f1": 1,
      "fallOut": 0,
      "missRate": 0,
      "precision": 1,
      "prevalence": 0.010526315789473684,
      "recall": 1,
      "specificity": 1,
      "confusionMatrix": [
        [1, 0],
        [0, 94]
      ]
    },
    "design": {
      "total": 6,
      "samplePortion": 0.06315789473684211,
      "tp": 2,
      "fp": 2,
      "fn": 4,
      "tn": 87,
      "accuracy": 0.9368421052631579,
      "f1": 0.4,
      "fallOut": 0.02247191011235955,
      "missRate": 0.6666666666666666,
      "precision": 0.5,
      "prevalence": 0.06315789473684211,
      "recall": 0.3333333333333333,
      "specificity": 0.9775280898876404,
      "confusionMatrix": [
        [2, 2],
        [4, 87]
      ]
    },
    "doc": {
      "total": 4,
      "samplePortion": 0.042105263157894736,
      "tp": 2,
      "fp": 0,
      "fn": 2,
      "tn": 91,
      "accuracy": 0.9789473684210527,
      "f1": 0.6666666666666666,
      "fallOut": 0,
      "missRate": 0.5,
      "precision": 1,
      "prevalence": 0.042105263157894736,
      "recall": 0.5,
      "specificity": 1,
      "confusionMatrix": [
        [2, 0],
        [2, 91]
      ]
    },
    "eventOrganizing": {
      "total": 3,
      "samplePortion": 0.031578947368421054,
      "tp": 1,
      "fp": 0,
      "fn": 2,
      "tn": 92,
      "accuracy": 0.9789473684210527,
      "f1": 0.5,
      "fallOut": 0,
      "missRate": 0.6666666666666666,
      "precision": 1,
      "prevalence": 0.031578947368421054,
      "recall": 0.3333333333333333,
      "specificity": 1,
      "confusionMatrix": [
        [1, 0],
        [2, 92]
      ]
    },
    "example": {
      "total": 1,
      "samplePortion": 0.010526315789473684,
      "tp": 1,
      "fp": 0,
      "fn": 0,
      "tn": 94,
      "accuracy": 1,
      "f1": 1,
      "fallOut": 0,
      "missRate": 0,
      "precision": 1,
      "prevalence": 0.010526315789473684,
      "recall": 1,
      "specificity": 1,
      "confusionMatrix": [
        [1, 0],
        [0, 94]
      ]
    },
    "financial": {
      "total": 0,
      "samplePortion": 0,
      "tp": 0,
      "fp": 0,
      "fn": 0,
      "tn": 95,
      "accuracy": 1,
      "f1": null,
      "fallOut": 0,
      "missRate": null,
      "precision": null,
      "prevalence": 0,
      "recall": null,
      "specificity": 1,
      "confusionMatrix": [
        [0, 0],
        [0, 95]
      ]
    },
    "fundingFinding": {
      "total": 0,
      "samplePortion": 0,
      "tp": 0,
      "fp": 0,
      "fn": 0,
      "tn": 95,
      "accuracy": 1,
      "f1": null,
      "fallOut": 0,
      "missRate": null,
      "precision": null,
      "prevalence": 0,
      "recall": null,
      "specificity": 1,
      "confusionMatrix": [
        [0, 0],
        [0, 95]
      ]
    },
    "ideas": {
      "total": 5,
      "samplePortion": 0.05263157894736842,
      "tp": 3,
      "fp": 0,
      "fn": 2,
      "tn": 90,
      "accuracy": 0.9789473684210527,
      "f1": 0.7499999999999999,
      "fallOut": 0,
      "missRate": 0.4,
      "precision": 1,
      "prevalence": 0.05263157894736842,
      "recall": 0.6,
      "specificity": 1,
      "confusionMatrix": [
        [3, 0],
        [2, 90]
      ]
    },
    "infra": {
      "total": 7,
      "samplePortion": 0.07368421052631578,
      "tp": 3,
      "fp": 1,
      "fn": 4,
      "tn": 87,
      "accuracy": 0.9473684210526315,
      "f1": 0.5454545454545454,